Wrong country,فصل,%GT Total Export
چین,فصل 27,12.53%
امارات متحده عربی,فصل 27,7.75%
چین,فصل 29,5.28%
عراق,فصل 27,4.99%
چین,فصل 26,3.75%
چین,فصل 39,3.63%
ترکیه,فصل 27,3.44%
عراق,فصل 08,2.29%
پاکستان,فصل 27,2.11%
عراق,فصل 72,1.98%
عراق,فصل 07,1.92%
عراق,فصل 39,1.88%
هند,فصل 29,1.54%
ترکیه,فصل 76,1.28%
امارات متحده عربی,فصل 74,1.17%
عمان,فصل 27,1.16%
افغانستان,فصل 27,1.11%
عمان,فصل 72,0.98%
امارات متحده عربی,فصل 72,0.93%
عراق,فصل 84,0.82%
برزیل,فصل 31,0.79%
عراق,فصل 04,0.78%
افغانستان,فصل 72,0.75%
امارات متحده عربی,فصل 08,0.75%
عراق,فصل 69,0.71%
امارات متحده عربی,فصل 29,0.64%
ترکیه,فصل 31,0.64%
امارات متحده عربی,فصل 07,0.62%
چین,فصل 72,0.61%
عراق,فصل 73,0.59%
ارمنستان,فصل 86,0.57%
اندونزی,فصل 72,0.57%
فدراسیون روسیه,فصل 08,0.55%
هند,فصل 08,0.54%
ترکیه,فصل 39,0.54%
غنا,فصل 72,0.50%
ترکیه,فصل 74,0.49%
عراق,فصل 85,0.49%
کنیا,فصل 86,0.49%
ترکیه,فصل 08,0.46%
هند,فصل 27,0.45%
فدراسیون روسیه,فصل 07,0.44%
چین,فصل 25,0.44%
افغانستان,فصل 39,0.44%
ترکیه,فصل 72,0.43%
ترکیه,فصل 86,0.40%
عراق,فصل 23,0.39%
ترکیه,فصل 79,0.39%
عمان,فصل 31,0.37%
هند,فصل 28,0.34%
پاکستان,فصل 39,0.30%
عراق,فصل 19,0.29%
پاکستان,فصل 72,0.28%
ازبکستان,فصل 39,0.27%
عراق,فصل 20,0.27%
اردن,فصل 72,0.26%
عراق,فصل 70,0.26%
پاکستان,فصل 04,0.26%
پاکستان,فصل 08,0.25%
فدراسیون روسیه,فصل 39,0.25%
چین,فصل 03,0.25%
عراق,فصل 68,0.25%
کویت,فصل 25,0.25%
امارات متحده عربی,فصل 28,0.24%
فدراسیون روسیه,فصل 04,0.24%
بنگلادش,فصل 27,0.24%
عراق,فصل 25,0.23%
تاجیکستان,فصل 72,0.23%
عراق,فصل 21,0.22%
یمن,فصل 27,0.22%
هند,فصل 26,0.21%
جمهوری آذربایجان,فصل 39,0.21%
ارمنستان,فصل 72,0.21%
ترکیه,فصل 28,0.21%
چین,فصل 74,0.21%
عراق,فصل 76,0.20%
ترکمنستان,فصل 73,0.20%
موزامبیک,فصل 31,0.20%
عمان,فصل 74,0.18%
فدراسیون روسیه,فصل 84,0.17%
کره (جنوبی),فصل 26,0.17%
جمهوری آذربایجان,فصل 04,0.17%
هند,فصل 72,0.17%
افغانستان,فصل 57,0.16%
افغانستان,فصل 04,0.16%
قزاقستان,فصل 08,0.16%
عراق,فصل 48,0.16%
ترکیه,فصل 20,0.16%
امارات متحده عربی,فصل 26,0.16%
عراق,فصل 44,0.15%
افغانستان,فصل 29,0.15%
مصر,فصل 72,0.15%
جمهوری آذربایجان,فصل 72,0.15%
عمان,فصل 26,0.15%
افغانستان,فصل 84,0.14%
مکزیک,فصل 31,0.14%
ترکمنستان,فصل 72,0.13%
افغانستان,فصل 25,0.13%
سومالی,فصل 72,0.13%
هند,فصل 31,0.13%
ترکمنستان,فصل 39,0.12%
امارات متحده عربی,فصل 03,0.12%
عراق,فصل 94,0.12%
تاجیکستان,فصل 39,0.12%
عراق,فصل 34,0.12%
عراق,فصل 38,0.11%
بلغارستان,فصل 39,0.11%
افغانستان,فصل 08,0.11%
ازبکستان,فصل 72,0.11%
قرقیزستان,فصل 08,0.11%
مالزی,فصل 27,0.11%
ازبکستان,فصل 04,0.11%
ترکمنستان,فصل 85,0.11%
عراق,فصل 03,0.11%
ترکیه,فصل 70,0.11%
عراق,فصل 57,0.10%
فدراسیون روسیه,فصل 25,0.10%
ویتنام,فصل 27,0.10%
عراق,فصل 87,0.10%
ترکیه,فصل 29,0.10%
عراق,فصل 63,0.10%
امارات متحده عربی,فصل 09,0.10%
عراق,فصل 17,0.09%
هند,فصل 25,0.09%
قطر,فصل 04,0.09%
فدراسیون روسیه,فصل 55,0.09%
امارات متحده عربی,فصل 30,0.08%
سوریه,فصل 04,0.08%
ازبکستان,فصل 08,0.08%
پاکستان,فصل 28,0.08%
افغانستان,فصل 69,0.08%
گرجستان,فصل 72,0.08%
افغانستان,فصل 70,0.08%
عمان,فصل 25,0.07%
افغانستان,فصل 85,0.07%
افغانستان,فصل 76,0.07%
عراق,فصل 29,0.07%
اسپانیا,فصل 09,0.07%
آلمان,فصل 08,0.07%
افغانستان,فصل 73,0.07%
ارمنستان,فصل 39,0.07%
افغانستان,فصل 34,0.07%
قزاقستان,فصل 39,0.07%
عراق,فصل 64,0.07%
هنگ کنگ,فصل 08,0.07%
افغانستان,فصل 07,0.07%
کویت,فصل 72,0.07%
ازبکستان,فصل 23,0.07%
عراق,فصل 26,0.07%
امارات متحده عربی,فصل 04,0.06%
امارات متحده عربی,فصل 38,0.06%
تایوان,فصل 09,0.06%
ارمنستان,فصل 27,0.06%
ترکیه,فصل 84,0.06%
عراق,فصل 28,0.06%
پاکستان,فصل 40,0.06%
ترکمنستان,فصل 08,0.06%
آلمان,فصل 05,0.06%
هلند,فصل 15,0.06%
عراق,فصل 02,0.06%
آلمان,فصل 30,0.06%
لبنان,فصل 08,0.06%
جمهوری آذربایجان,فصل 07,0.05%
عراق,فصل 31,0.05%
عراق,فصل 95,0.05%
عمان,فصل 08,0.05%
فدراسیون روسیه,فصل 28,0.05%
ارمنستان,فصل 73,0.05%
افغانستان,فصل 20,0.05%
هند,فصل 40,0.05%
امارات متحده عربی,فصل 78,0.05%
عراق,فصل 06,0.05%
فدراسیون روسیه,فصل 03,0.05%
سوریه,فصل 08,0.05%
عراق,فصل 30,0.05%
چین,فصل 79,0.05%
افغانستان,فصل 09,0.05%
پاکستان,فصل 20,0.05%
کویت,فصل 03,0.05%
ترکیه,فصل 73,0.05%
امارات متحده عربی,فصل 76,0.05%
افغانستان,فصل 64,0.04%
چین,فصل 76,0.04%
افغانستان,فصل 21,0.04%
اریتره,فصل 27,0.04%
امارات متحده عربی,فصل 79,0.04%
ازبکستان,فصل 84,0.04%
امارات متحده عربی,فصل 25,0.04%
فدراسیون روسیه,فصل 87,0.04%
تاجیکستان,فصل 07,0.04%
عراق,فصل 61,0.04%
ارمنستان,فصل 28,0.04%
ترکیه,فصل 69,0.04%
ترکمنستان,فصل 27,0.04%
هند,فصل 39,0.04%
ارمنستان,فصل 04,0.04%
کنیا,فصل 27,0.04%
چین,فصل 08,0.04%
عراق,فصل 18,0.04%
عراق,فصل 56,0.04%
افغانستان,فصل 48,0.04%
گرجستان,فصل 04,0.04%
امارات متحده عربی,فصل 68,0.04%
ازبکستان,فصل 34,0.04%
افغانستان,فصل 19,0.04%
مالزی,فصل 26,0.04%
فدراسیون روسیه,فصل 29,0.04%
قزاقستان,فصل 04,0.04%
عراق,فصل 55,0.04%
چین,فصل 57,0.04%
گرجستان,فصل 39,0.04%
ترکیه,فصل 38,0.04%
امارات متحده عربی,فصل 70,0.04%
سومالی,فصل 19,0.04%
گرجستان,فصل 08,0.04%
افغانستان,فصل 17,0.03%
ترکمنستان,فصل 69,0.03%
امارات متحده عربی,فصل 84,0.03%
ترکیه,فصل 40,0.03%
عراق,فصل 62,0.03%
ارمنستان,فصل 08,0.03%
تاجیکستان,فصل 08,0.03%
تاجیکستان,فصل 84,0.03%
جمهوری آذربایجان,فصل 73,0.03%
ارمنستان,فصل 57,0.03%
عمان,فصل 07,0.03%
مناطق ویژه,فصل 27,0.03%
فدراسیون روسیه,فصل 20,0.03%
ارمنستان,فصل 07,0.03%
افغانستان,فصل 61,0.03%
قطر,فصل 07,0.03%
ایتالیا,فصل 30,0.03%
چین,فصل 40,0.03%
عراق,فصل 74,0.03%
ترکمنستان,فصل 44,0.03%
پاکستان,فصل 25,0.03%
تانزانیا,فصل 27,0.03%
پاکستان,فصل 79,0.03%
ارمنستان,فصل 25,0.03%
پاکستان,فصل 29,0.03%
ترکیه,فصل 09,0.03%
عراق,فصل 32,0.03%
ترکیه,فصل 04,0.03%
پاکستان,فصل 09,0.03%
هند,فصل 09,0.03%
تاجیکستان,فصل 32,0.03%
جمهوری آذربایجان,فصل 34,0.03%
چین,فصل 28,0.03%
ترکمنستان,فصل 32,0.03%
ترکمنستان,فصل 07,0.03%
تایوان,فصل 39,0.03%
سری لانکا,فصل 29,0.03%
امارات متحده عربی,فصل 57,0.03%
پاکستان,فصل 57,0.03%
ترکمنستان,فصل 68,0.03%
امارات متحده عربی,فصل 39,0.03%
امارات متحده عربی,فصل 69,0.02%
عراق,فصل 16,0.02%
بلژیک,فصل 39,0.02%
ازبکستان,فصل 29,0.02%
جمهوری آذربایجان,فصل 69,0.02%
پاکستان,فصل 19,0.02%
قطر,فصل 08,0.02%
ازبکستان,فصل 27,0.02%
جمهوری آذربایجان,فصل 70,0.02%
تونس,فصل 72,0.02%
سومالی,فصل 25,0.02%
عراق,فصل 83,0.02%
ترکمنستان,فصل 04,0.02%
قطر,فصل 25,0.02%
عراق,فصل 42,0.02%
استرالیا,فصل 57,0.02%
بنگلادش,فصل 25,0.02%
افغانستان,فصل 15,0.02%
سری لانکا,فصل 25,0.02%
افغانستان,فصل 63,0.02%
تاجیکستان,فصل 04,0.02%
افغانستان,فصل 32,0.02%
سری لانکا,فصل 31,0.02%
گرجستان,فصل 73,0.02%
افغانستان,فصل 55,0.02%
ترکمنستان,فصل 17,0.02%
ترکمنستان,فصل 34,0.02%
جمهوری آذربایجان,فصل 03,0.02%
ترکمنستان,فصل 57,0.02%
جمهوری آذربایجان,فصل 54,0.02%
ترکیه,فصل 34,0.02%
امارات متحده عربی,فصل 20,0.02%
جمهوری آذربایجان,فصل 61,0.02%
اندونزی,فصل 27,0.02%
جمهوری آذربایجان,فصل 86,0.02%
جمهوری آذربایجان,فصل 08,0.02%
میانمار,فصل 27,0.02%
تاجیکستان,فصل 69,0.02%
افغانستان,فصل 54,0.02%
ایتالیا,فصل 73,0.02%
گرجستان,فصل 69,0.02%
هلند,فصل 08,0.02%
افغانستان,فصل 31,0.02%
افغانستان,فصل 44,0.02%
اسپانیا,فصل 70,0.02%
افغانستان,فصل 87,0.02%
تاجیکستان,فصل 73,0.02%
جمهوری آذربایجان,فصل 28,0.02%
سوریه,فصل 69,0.02%
فدراسیون روسیه,فصل 69,0.02%
اسپانیا,فصل 08,0.02%
اردن,فصل 08,0.02%
ترکیه,فصل 71,0.02%
عراق,فصل 01,0.02%
افغانستان,فصل 40,0.02%
پاکستان,فصل 70,0.02%
افغانستان,فصل 38,0.02%
عراق,فصل 35,0.02%
ترکیه,فصل 21,0.02%
کانادا,فصل 08,0.02%
عمان,فصل 57,0.02%
گرجستان,فصل 70,0.02%
ارمنستان,فصل 69,0.02%
پاکستان,فصل 41,0.02%
عراق,فصل 40,0.02%
مراکش,فصل 08,0.02%
قزاقستان,فصل 32,0.02%
عراق,فصل 49,0.02%
ترکمنستان,فصل 26,0.02%
قزاقستان,فصل 57,0.02%
ارمنستان,فصل 74,0.02%
بلاروس,فصل 39,0.02%
قزاقستان,فصل 20,0.02%
جمهوری آذربایجان,فصل 76,0.02%
جمهوری آذربایجان,فصل 84,0.02%
افغانستان,فصل 33,0.02%
قرقیزستان,فصل 39,0.01%
سوریه,فصل 15,0.01%
قزاقستان,فصل 25,0.01%
هند,فصل 57,0.01%
جیبوتی,فصل 27,0.01%
پاکستان,فصل 56,0.01%
ارمنستان,فصل 23,0.01%
تایوان,فصل 27,0.01%
ازبکستان,فصل 70,0.01%
ازبکستان,فصل 17,0.01%
قرقیزستان,فصل 32,0.01%
جمهوری آذربایجان,فصل 63,0.01%
افغانستان,فصل 30,0.01%
ترکمنستان,فصل 28,0.01%
تاجیکستان,فصل 34,0.01%
ترکمنستان,فصل 19,0.01%
امارات متحده عربی,فصل 22,0.01%
افغانستان,فصل 56,0.01%
پاکستان,فصل 73,0.01%
امارات متحده عربی,فصل 13,0.01%
کویت,فصل 08,0.01%
جمهوری آذربایجان,فصل 68,0.01%
عراق,فصل 54,0.01%
جمهوری آذربایجان,فصل 19,0.01%
سومالی,فصل 27,0.01%
ترکیه,فصل 23,0.01%
ویتنام,فصل 02,0.01%
پاکستان,فصل 74,0.01%
ازبکستان,فصل 20,0.01%
ترکمنستان,فصل 76,0.01%
هلند,فصل 72,0.01%
صربستان و مونته نگرو,فصل 08,0.01%
عراق,فصل 33,0.01%
فدراسیون روسیه,فصل 85,0.01%
افغانستان,فصل 74,0.01%
اوکراین,فصل 08,0.01%
تاجیکستان,فصل 57,0.01%
کویت,فصل 14,0.01%
پاکستان,فصل 34,0.01%
ازبکستان,فصل 57,0.01%
قطر,فصل 68,0.01%
افغانستان,فصل 28,0.01%
ترکیه,فصل 13,0.01%
ازبکستان,فصل 69,0.01%
افغانستان,فصل 68,0.01%
قزاقستان,فصل 07,0.01%
ترکیه,فصل 57,0.01%
کویت,فصل 68,0.01%
عمان,فصل 70,0.01%
ازبکستان,فصل 73,0.01%
ترکیه,فصل 05,0.01%
عراق,فصل 15,0.01%
چین,فصل 09,0.01%
فیلیپین,فصل 27,0.01%
افغانستان,فصل 96,0.01%
ترکمنستان,فصل 84,0.01%
مناطق آزاد,فصل 03,0.01%
ترکیه,فصل 63,0.01%
قطر,فصل 09,0.01%
سری لانکا,فصل 27,0.01%
فدراسیون روسیه,فصل 73,0.01%
اسپانیا,فصل 73,0.01%
ترکمنستان,فصل 70,0.01%
ازبکستان,فصل 35,0.01%
قطر,فصل 70,0.01%
ارمنستان,فصل 70,0.01%
بلغارستان,فصل 72,0.01%
مالزی,فصل 72,0.01%
جمهوری آذربایجان,فصل 64,0.01%
لیبی,فصل 20,0.01%
اسپانیا,فصل 39,0.01%
فدراسیون روسیه,فصل 86,0.01%
بلاروس,فصل 08,0.01%
یمن,فصل 19,0.01%
گرجستان,فصل 27,0.01%
ارمنستان,فصل 84,0.01%
جمهوری آذربایجان,فصل 20,0.01%
امارات متحده عربی,فصل 19,0.01%
پاکستان,فصل 21,0.01%
عراق,فصل 58,0.01%
آلمان,فصل 13,0.01%
لهستان,فصل 08,0.01%
کویت,فصل 07,0.01%
سنگاپور,فصل 04,0.01%
امارات متحده عربی,فصل 62,0.01%
فدراسیون روسیه,فصل 70,0.01%
عراق,فصل 96,0.01%
پاکستان,فصل 69,0.01%
انگلستان (بریتانیا),فصل 08,0.01%
قزاقستان,فصل 68,0.01%
عمان,فصل 39,0.01%
فدراسیون روسیه,فصل 94,0.01%
امارات متحده عربی,فصل 94,0.01%
جمهوری آذربایجان,فصل 38,0.01%
امارات متحده عربی,فصل 16,0.01%
ژاپن,فصل 57,0.01%
گرجستان,فصل 68,0.01%
تاجیکستان,فصل 19,0.01%
تاجیکستان,فصل 27,0.01%
ویتنام,فصل 08,0.01%
گرجستان,فصل 07,0.01%
جمهوری آذربایجان,فصل 17,0.01%
ازبکستان,فصل 25,0.01%
لبنان,فصل 70,0.01%
عراق,فصل 22,0.01%
آفریقای جنوبی,فصل 39,0.01%
امارات متحده عربی,فصل 21,0.01%
کویت,فصل 70,0.01%
سوریه,فصل 74,0.01%
پاکستان,فصل 33,0.01%
افغانستان,فصل 83,0.01%
فدراسیون روسیه,فصل 72,0.01%
گرجستان,فصل 84,0.01%
تاجیکستان,فصل 30,0.01%
لیبی,فصل 08,0.01%
افغانستان,فصل 35,0.01%
فدراسیون روسیه,فصل 38,0.01%
ترکیه,فصل 68,0.01%
آلمان,فصل 57,0.01%
جمهوری آذربایجان,فصل 25,0.01%
ارمنستان,فصل 68,0.01%
ترکیه,فصل 32,0.01%
قطر,فصل 27,0.01%
سری لانکا,فصل 03,0.01%
ارمنستان,فصل 03,0.01%
عراق,فصل 09,0.01%
ارمنستان,فصل 76,0.01%
ایتالیا,فصل 84,0.01%
سوریه,فصل 72,0.01%
لیبی,فصل 57,0.01%
کنیا,فصل 84,0.01%
عمان,فصل 09,0.01%
عراق,فصل 13,0.01%
سوریه,فصل 07,0.01%
عمان,فصل 20,0.01%
هند,فصل 51,0.01%
فدراسیون روسیه,فصل 68,0.01%
ایتالیا,فصل 08,0.01%
ترکیه,فصل 25,0.01%
کویت,فصل 57,0.01%
اندونزی,فصل 08,0.01%
سومالی,فصل 20,0.01%
قرقیزستان,فصل 84,0.01%
فدراسیون روسیه,فصل 34,0.01%
ارمنستان,فصل 20,0.01%
هند,فصل 74,0.01%
پاکستان,فصل 17,0.01%
کویت,فصل 31,0.01%
ویتنام,فصل 05,0.01%
سنگال,فصل 27,0.01%
قزاقستان,فصل 34,0.01%
ازبکستان,فصل 28,0.01%
عراق,فصل 10,0.01%
آرژانتین,فصل 08,0.01%
جمهوری آذربایجان,فصل 94,0.01%
قطر,فصل 57,0.01%
سوریه,فصل 39,0.01%
فدراسیون روسیه,فصل 30,0.01%
ازبکستان,فصل 38,0.01%
تاجیکستان,فصل 38,0.01%
هند,فصل 13,0.01%
اسپانیا,فصل 84,0.01%
بلاروس,فصل 07,0.01%
ویتنام,فصل 03,0.01%
قرقیزستان,فصل 57,0.01%
ارمنستان,فصل 34,0.01%
تایلند,فصل 03,0.01%
ازبکستان,فصل 40,0.01%
چین,فصل 04,0.01%
امارات متحده عربی,فصل 87,0.01%
جمهوری آذربایجان,فصل 32,0.01%
گرجستان,فصل 63,0.01%
امارات متحده عربی,فصل 14,0.01%
کویت,فصل 09,0.01%
لهستان,فصل 21,0.01%
عمان,فصل 19,0.01%
مالزی,فصل 03,0.01%
ترکمنستان,فصل 38,0.01%
ترکیه,فصل 11,0.01%
موریتانی,فصل 57,0.01%
تاجیکستان,فصل 85,0.01%
ترکمنستان,فصل 25,0.01%
آلمان,فصل 20,0.01%
فدراسیون روسیه,فصل 40,0.01%
بلغارستان,فصل 08,0.01%
جمهوری آذربایجان,فصل 95,0.01%
استرالیا,فصل 08,0.01%
فدراسیون روسیه,فصل 09,0.01%
پاکستان,فصل 84,0.01%
ترکیه,فصل 03,0.01%
تاجیکستان,فصل 56,0.01%
بلاروس,فصل 29,0.01%
ارمنستان,فصل 31,0.01%
بحرین,فصل 03,0.01%
هند,فصل 70,0.01%
ترکیه,فصل 26,0.01%
ازبکستان,فصل 68,0.00%
ازبکستان,فصل 54,0.00%
ترکمنستان,فصل 64,0.00%
ترکمنستان,فصل 33,0.00%
جمهوری آذربایجان,فصل 55,0.00%
قزاقستان,فصل 22,0.00%
رومانی,فصل 39,0.00%
ترکیه,فصل 94,0.00%
ترکیه,فصل 22,0.00%
بحرین,فصل 04,0.00%
ازبکستان,فصل 22,0.00%
دانمارک,فصل 08,0.00%
رومانی,فصل 76,0.00%
رومانی,فصل 70,0.00%
جمهوری آذربایجان,فصل 79,0.00%
هلند,فصل 21,0.00%
قطر,فصل 03,0.00%
ارمنستان,فصل 83,0.00%
گرجستان,فصل 22,0.00%
امارات متحده عربی,فصل 15,0.00%
کنگو,فصل 27,0.00%
عمان,فصل 73,0.00%
ترکیه,فصل 54,0.00%
افغانستان,فصل 18,0.00%
ترکمنستان,فصل 06,0.00%
جمهوری آذربایجان,فصل 18,0.00%
ترکمنستان,فصل 23,0.00%
ترکمنستان,فصل 83,0.00%
پاکستان,فصل 38,0.00%
قزاقستان,فصل 69,0.00%
عراق,فصل 91,0.00%
پاکستان,فصل 63,0.00%
جمهوری آذربایجان,فصل 48,0.00%
قرقیزستان,فصل 38,0.00%
فدراسیون روسیه,فصل 57,0.00%
ترکمنستان,فصل 20,0.00%
صربستان و مونته نگرو,فصل 27,0.00%
پاکستان,فصل 22,0.00%
ونزوئلا,فصل 85,0.00%
ترکیه,فصل 52,0.00%
عمان,فصل 04,0.00%
عراق,فصل 12,0.00%
امارات متحده عربی,فصل 73,0.00%
بلاروس,فصل 55,0.00%
فدراسیون روسیه,فصل 32,0.00%
سوئد,فصل 08,0.00%
پاکستان,فصل 52,0.00%
تایوان,فصل 29,0.00%
اوکراین,فصل 07,0.00%
عمان,فصل 68,0.00%
پرتغال,فصل 70,0.00%
عراق,فصل 46,0.00%
ترکیه,فصل 30,0.00%
افغانستان,فصل 23,0.00%
بلژیک,فصل 09,0.00%
هنگ کنگ,فصل 05,0.00%
چین,فصل 51,0.00%
ترکمنستان,فصل 94,0.00%
تاجیکستان,فصل 68,0.00%
جمهوری آذربایجان,فصل 29,0.00%
ساحل عاج (ساحل عاج),فصل 19,0.00%
بلغارستان,فصل 70,0.00%
لیبی,فصل 15,0.00%
پاکستان,فصل 15,0.00%
تاجیکستان,فصل 20,0.00%
هلند,فصل 38,0.00%
فدراسیون روسیه,فصل 18,0.00%
هند,فصل 34,0.00%
تاجیکستان,فصل 70,0.00%
مالزی,فصل 08,0.00%
قرقیزستان,فصل 34,0.00%
یونان,فصل 39,0.00%
ترکیه,فصل 44,0.00%
تاجیکستان,فصل 23,0.00%
پاکستان,فصل 18,0.00%
افغانستان,فصل 58,0.00%
ازبکستان,فصل 07,0.00%
تایلند,فصل 08,0.00%
آفریقای جنوبی,فصل 27,0.00%
هلند,فصل 20,0.00%
آلمان,فصل 09,0.00%
جمهوری آذربایجان,فصل 44,0.00%
ترکمنستان,فصل 87,0.00%
ترکیه,فصل 78,0.00%
ترکیه,فصل 85,0.00%
بحرین,فصل 21,0.00%
اتریش,فصل 08,0.00%
لبنان,فصل 74,0.00%
کویت,فصل 28,0.00%
کره (جنوبی),فصل 29,0.00%
سنگاپور,فصل 08,0.00%
مکزیک,فصل 08,0.00%
افغانستان,فصل 22,0.00%
ترکیه,فصل 87,0.00%
تاجیکستان,فصل 63,0.00%
عمان,فصل 76,0.00%
جمهوری آذربایجان,فصل 87,0.00%
فدراسیون روسیه,فصل 63,0.00%
عراق,فصل 79,0.00%
عراق,فصل 92,0.00%
عمان,فصل 22,0.00%
قزاقستان,فصل 17,0.00%
بلژیک,فصل 57,0.00%
ارمنستان,فصل 94,0.00%
جمهوری آذربایجان,فصل 33,0.00%
اردن,فصل 22,0.00%
تاجیکستان,فصل 25,0.00%
مالزی,فصل 29,0.00%
آفریقای جنوبی,فصل 57,0.00%
عمان,فصل 44,0.00%
ازبکستان,فصل 76,0.00%
انگلستان (بریتانیا),فصل 57,0.00%
فرانسه,فصل 57,0.00%
اسپانیا,فصل 76,0.00%
اردن,فصل 70,0.00%
کنیا,فصل 39,0.00%
ازبکستان,فصل 32,0.00%
فرانسه,فصل 09,0.00%
جمهوری آذربایجان,فصل 96,0.00%
ایتالیا,فصل 40,0.00%
سودان,فصل 19,0.00%
کویت,فصل 39,0.00%
آلمان,فصل 39,0.00%
یمن,فصل 04,0.00%
صربستان و مونته نگرو,فصل 13,0.00%
ایتالیا,فصل 41,0.00%
ترکیه,فصل 56,0.00%
بلغارستان,فصل 73,0.00%
ویتنام,فصل 29,0.00%
ترکمنستان,فصل 40,0.00%
قزاقستان,فصل 84,0.00%
میانمار,فصل 28,0.00%
بنگلادش,فصل 28,0.00%
اسلواکی,فصل 08,0.00%
امارات متحده عربی,فصل 10,0.00%
کانادا,فصل 84,0.00%
یونان,فصل 70,0.00%
قرقیزستان,فصل 22,0.00%
کرواسی (Hrvatska),فصل 73,0.00%
قطر,فصل 14,0.00%
هند,فصل 41,0.00%
ژاپن,فصل 08,0.00%
آلبانی,فصل 08,0.00%
قطر,فصل 16,0.00%
گرجستان,فصل 64,0.00%
ترکمنستان,فصل 29,0.00%
پاکستان,فصل 16,0.00%
ترکمنستان,فصل 56,0.00%
افغانستان,فصل 90,0.00%
ترکمنستان,فصل 09,0.00%
فدراسیون روسیه,فصل 17,0.00%
ترکمنستان,فصل 63,0.00%
ترکمنستان,فصل 35,0.00%
ارمنستان,فصل 95,0.00%
عمان,فصل 16,0.00%
شیلی,فصل 29,0.00%
ارمنستان,فصل 38,0.00%
سوریه,فصل 16,0.00%
ترکمنستان,فصل 21,0.00%
کنیا,فصل 90,0.00%
مجارستان,فصل 08,0.00%
قرقیزستان,فصل 68,0.00%
ارمنستان,فصل 55,0.00%
سویس,فصل 57,0.00%
ترکیه,فصل 58,0.00%
تاجیکستان,فصل 76,0.00%
امارات متحده عربی,فصل 34,0.00%
جمهوری آذربایجان,فصل 58,0.00%
عمان,فصل 49,0.00%
بلغارستان,فصل 76,0.00%
افغانستان,فصل 16,0.00%
رومانی,فصل 08,0.00%
افغانستان,فصل 95,0.00%
قزاقستان,فصل 70,0.00%
ازبکستان,فصل 83,0.00%
بلغارستان,فصل 19,0.00%
انگلستان (بریتانیا),فصل 20,0.00%
هند,فصل 79,0.00%
بحرین,فصل 57,0.00%
عراق,فصل 82,0.00%
آلمان,فصل 21,0.00%
ازبکستان,فصل 26,0.00%
ایتالیا,فصل 68,0.00%
رومانی,فصل 38,0.00%
امارات متحده عربی,فصل 17,0.00%
سوریه,فصل 21,0.00%
کانادا,فصل 39,0.00%
ترکمنستان,فصل 55,0.00%
گرجستان,فصل 95,0.00%
جمهوری آذربایجان,فصل 59,0.00%
افغانستان,فصل 94,0.00%
تایلند,فصل 79,0.00%
ازبکستان,فصل 79,0.00%
ترکمنستان,فصل 95,0.00%
جمهوری آذربایجان,فصل 27,0.00%
سوئد,فصل 57,0.00%
شیلی,فصل 08,0.00%
جمهوری آذربایجان,فصل 15,0.00%
ازبکستان,فصل 44,0.00%
اردن,فصل 17,0.00%
لهستان,فصل 27,0.00%
افغانستان,فصل 01,0.00%
قطر,فصل 39,0.00%
بلاروس,فصل 28,0.00%
عمان,فصل 21,0.00%
پاکستان,فصل 96,0.00%
گرجستان,فصل 55,0.00%
ایتالیا,فصل 09,0.00%
عراق,فصل 14,0.00%
قزاقستان,فصل 21,0.00%
قرقیزستان,فصل 02,0.00%
صربستان و مونته نگرو,فصل 28,0.00%
سوریه,فصل 70,0.00%
ترکمنستان,فصل 48,0.00%
اردن,فصل 57,0.00%
لتونی,فصل 08,0.00%
گرجستان,فصل 76,0.00%
ارمنستان,فصل 54,0.00%
ترکیه,فصل 19,0.00%
ترکمنستان,فصل 96,0.00%
عمان,فصل 69,0.00%
ترکمنستان,فصل 02,0.00%
بحرین,فصل 09,0.00%
کانادا,فصل 20,0.00%
کرواسی (Hrvatska),فصل 27,0.00%
سودان,فصل 27,0.00%
ترکیه,فصل 35,0.00%
کویت,فصل 04,0.00%
سری لانکا,فصل 39,0.00%
امارات متحده عربی,فصل 12,0.00%
فدراسیون روسیه,فصل 35,0.00%
تاجیکستان,فصل 17,0.00%
قطر,فصل 73,0.00%
پاکستان,فصل 07,0.00%
گرجستان,فصل 20,0.00%
امارات متحده عربی,فصل 64,0.00%
بلغارستان,فصل 20,0.00%
پاکستان,فصل 64,0.00%
ترکیه,فصل 41,0.00%
پاکستان,فصل 87,0.00%
عمان,فصل 83,0.00%
قطر,فصل 19,0.00%
آلمان,فصل 22,0.00%
امارات متحده عربی,فصل 31,0.00%
قطر,فصل 20,0.00%
رومانی,فصل 68,0.00%
ارمنستان,فصل 44,0.00%
ارمنستان,فصل 63,0.00%
عمان,فصل 30,0.00%
قزاقستان,فصل 38,0.00%
عراق,فصل 24,0.00%
لبنان,فصل 21,0.00%
قرقیزستان,فصل 70,0.00%
نیوزیلند (Aotearoa),فصل 57,0.00%
گرجستان,فصل 38,0.00%
آفریقای جنوبی,فصل 85,0.00%
سری لانکا,فصل 70,0.00%
رومانی,فصل 27,0.00%
ونزوئلا,فصل 90,0.00%
غنا,فصل 73,0.00%
موزامبیک,فصل 27,0.00%
افغانستان,فصل 79,0.00%
فدراسیون روسیه,فصل 21,0.00%
اتریش,فصل 09,0.00%
امارات متحده عربی,فصل 90,0.00%
استرالیا,فصل 21,0.00%
جمهوری آذربایجان,فصل 83,0.00%
موریتانی,فصل 04,0.00%
لوکزامبورگ,فصل 69,0.00%
عراق,فصل 11,0.00%
ترکیه,فصل 07,0.00%
ارمنستان,فصل 48,0.00%
چین,فصل 78,0.00%
تاجیکستان,فصل 94,0.00%
ایتالیا,فصل 25,0.00%
پاکستان,فصل 54,0.00%
کره (جنوبی),فصل 03,0.00%
عمان,فصل 17,0.00%
ترکیه,فصل 48,0.00%
لیتوانی,فصل 08,0.00%
یمن,فصل 30,0.00%
بنگلادش,فصل 40,0.00%
کویت,فصل 84,0.00%
رومانی,فصل 63,0.00%
کویت,فصل 73,0.00%
عمان,فصل 84,0.00%
فیلیپین,فصل 08,0.00%
ازبکستان,فصل 74,0.00%
جیبوتی,فصل 84,0.00%
ازبکستان,فصل 94,0.00%
افغانستان,فصل 51,0.00%
اسپانیا,فصل 40,0.00%
صربستان و مونته نگرو,فصل 39,0.00%
پاکستان,فصل 35,0.00%
پاکستان,فصل 32,0.00%
اردن,فصل 18,0.00%
گرجستان,فصل 03,0.00%
بلغارستان,فصل 68,0.00%
نیجریه,فصل 57,0.00%
فرانسه,فصل 73,0.00%
ارمنستان,فصل 90,0.00%
ماداگاسکار,فصل 31,0.00%
افغانستان,فصل 49,0.00%
انگلستان (بریتانیا),فصل 09,0.00%
لیبی,فصل 34,0.00%
تایلند,فصل 84,0.00%
جمهوری آذربایجان,فصل 21,0.00%
اتریش,فصل 20,0.00%
قزاقستان,فصل 29,0.00%
فدراسیون روسیه,فصل 19,0.00%
ارمنستان,فصل 21,0.00%
پرتغال,فصل 08,0.00%
اوکراین,فصل 28,0.00%
ترکیه,فصل 55,0.00%
سوریه,فصل 57,0.00%
ارمنستان,فصل 85,0.00%
استرالیا,فصل 09,0.00%
استرالیا,فصل 20,0.00%
ترکیه,فصل 90,0.00%
قزاقستان,فصل 35,0.00%
کویت,فصل 01,0.00%
ترکیه,فصل 12,0.00%
اکوادور,فصل 08,0.00%
عمان,فصل 34,0.00%
افغانستان,فصل 11,0.00%
فدراسیون روسیه,فصل 27,0.00%
ایتالیا,فصل 87,0.00%
ترکیه,فصل 15,0.00%
امارات متحده عربی,فصل 97,0.00%
کویت,فصل 27,0.00%
بلاروس,فصل 35,0.00%
لهستان,فصل 05,0.00%
لبنان,فصل 16,0.00%
آلمان,فصل 28,0.00%
عمان,فصل 94,0.00%
مالزی,فصل 57,0.00%
کویت,فصل 20,0.00%
امارات متحده عربی,فصل 48,0.00%
پاکستان,فصل 12,0.00%
رومانی,فصل 05,0.00%
جمهوری آذربایجان,فصل 22,0.00%
تاجیکستان,فصل 15,0.00%
رومانی,فصل 33,0.00%
آفریقای جنوبی,فصل 73,0.00%
گرجستان,فصل 21,0.00%
ارمنستان,فصل 32,0.00%
فدراسیون روسیه,فصل 90,0.00%
امارات متحده عربی,فصل 95,0.00%
فدراسیون روسیه,فصل 13,0.00%
قزاقستان,فصل 24,0.00%
عمان,فصل 15,0.00%
جمهوری مولداوی,فصل 08,0.00%
ترکمنستان,فصل 54,0.00%
ازبکستان,فصل 30,0.00%
لبنان,فصل 39,0.00%
آلمان,فصل 94,0.00%
گرجستان,فصل 34,0.00%
بلغارستان,فصل 28,0.00%
ترکیه,فصل 10,0.00%
تاجیکستان,فصل 21,0.00%
ایتالیا,فصل 39,0.00%
ایتالیا,فصل 70,0.00%
ارمنستان,فصل 87,0.00%
اندونزی,فصل 57,0.00%
تاجیکستان,فصل 44,0.00%
تایوان,فصل 08,0.00%
گرجستان,فصل 28,0.00%
هلند,فصل 84,0.00%
کویت,فصل 21,0.00%
قرقیزستان,فصل 25,0.00%
تاجیکستان,فصل 35,0.00%
قزاقستان,فصل 41,0.00%
قزاقستان,فصل 40,0.00%
عراق,فصل 90,0.00%
اتریش,فصل 21,0.00%
جمهوری آذربایجان,فصل 41,0.00%
بوسنی و هرزگوین,فصل 73,0.00%
عمان,فصل 02,0.00%
هنگ کنگ,فصل 39,0.00%
آلمان,فصل 84,0.00%
عراق,فصل 59,0.00%
آفریقای جنوبی,فصل 08,0.00%
ونزوئلا,فصل 39,0.00%
اتریش,فصل 57,0.00%
پاکستان,فصل 03,0.00%
آلمان,فصل 19,0.00%
سومالی,فصل 17,0.00%
افغانستان,فصل 42,0.00%
آنگولا,فصل 19,0.00%
هلند,فصل 09,0.00%
اسلوونی,فصل 72,0.00%
آلمان,فصل 12,0.00%
آنگولا,فصل 04,0.00%
جمهوری مقدونیه(یوگسلاوی),فصل 70,0.00%
بحرین,فصل 19,0.00%
صربستان و مونته نگرو,فصل 84,0.00%
تاجیکستان,فصل 64,0.00%
عمان,فصل 18,0.00%
هلند,فصل 16,0.00%
سنگاپور,فصل 21,0.00%
تانزانیا,فصل 73,0.00%
ساحل عاج (ساحل عاج),فصل 20,0.00%
ترکمنستان,فصل 11,0.00%
امارات متحده عربی,فصل 54,0.00%
قزاقستان,فصل 73,0.00%
فرانسه,فصل 13,0.00%
تاجیکستان,فصل 28,0.00%
گرجستان,فصل 25,0.00%
اندونزی,فصل 84,0.00%
سری لانکا,فصل 28,0.00%
جمهوری آذربایجان,فصل 42,0.00%
انگلستان (بریتانیا),فصل 21,0.00%
ازبکستان,فصل 49,0.00%
آلمان,فصل 73,0.00%
هند,فصل 81,0.00%
جمهوری آذربایجان,فصل 56,0.00%
تایلند,فصل 04,0.00%
امارات متحده عربی,فصل 18,0.00%
ارمنستان,فصل 06,0.00%
افغانستان,فصل 26,0.00%
جمهوری چک,فصل 08,0.00%
تاجیکستان,فصل 09,0.00%
بحرین,فصل 20,0.00%
کویت,فصل 12,0.00%
ارمنستان,فصل 33,0.00%
فرانسه,فصل 84,0.00%
رومانی,فصل 20,0.00%
ویتنام,فصل 28,0.00%
رومانی,فصل 73,0.00%
برزیل,فصل 08,0.00%
لبنان,فصل 19,0.00%
کلمبیا,فصل 29,0.00%
آلمان,فصل 17,0.00%
قزاقستان,فصل 54,0.00%
کنیا,فصل 04,0.00%
هند,فصل 11,0.00%
کویت,فصل 22,0.00%
ترکمنستان,فصل 42,0.00%
نپال,فصل 70,0.00%
گرجستان,فصل 32,0.00%
آفریقای جنوبی,فصل 20,0.00%
عمان,فصل 33,0.00%
جمهوری آذربایجان,فصل 09,0.00%
آلمان,فصل 07,0.00%
پاکستان,فصل 30,0.00%
مجارستان,فصل 13,0.00%
جمهوری آذربایجان,فصل 40,0.00%
اوکراین,فصل 27,0.00%
جمهوری آذربایجان,فصل 10,0.00%
ازبکستان,فصل 85,0.00%
اندونزی,فصل 71,0.00%
قطر,فصل 01,0.00%
ونزوئلا,فصل 87,0.00%
آلمان,فصل 10,0.00%
قرقیزستان,فصل 04,0.00%
یونان,فصل 08,0.00%
لهستان,فصل 69,0.00%
انگلستان (بریتانیا),فصل 30,0.00%
قطر,فصل 17,0.00%
نیوزیلند (Aotearoa),فصل 08,0.00%
تایلند,فصل 40,0.00%
رومانی,فصل 07,0.00%
رومانی,فصل 74,0.00%
تاجیکستان,فصل 06,0.00%
اسلوونی,فصل 26,0.00%
اسلوونی,فصل 73,0.00%
جمهوری آذربایجان,فصل 06,0.00%
امارات متحده عربی,فصل 83,0.00%
قرقیزستان,فصل 73,0.00%
ازبکستان,فصل 19,0.00%
ترکمنستان,فصل 74,0.00%
گرجستان,فصل 56,0.00%
ترکیه,فصل 82,0.00%
گرجستان,فصل 94,0.00%
قرقیزستان,فصل 76,0.00%
کانادا,فصل 07,0.00%
عراق,فصل 60,0.00%
انگلستان (بریتانیا),فصل 70,0.00%
جمهوری آذربایجان,فصل 62,0.00%
سومالی,فصل 69,0.00%
ازبکستان,فصل 21,0.00%
عمان,فصل 55,0.00%
استونی,فصل 08,0.00%
فنلاند,فصل 08,0.00%
تانزانیا,فصل 18,0.00%
بحرین,فصل 16,0.00%
تاجیکستان,فصل 18,0.00%
جمهوری آذربایجان,فصل 57,0.00%
ونزوئلا,فصل 84,0.00%
استرالیا,فصل 73,0.00%
رومانی,فصل 94,0.00%
فدراسیون روسیه,فصل 24,0.00%
کانادا,فصل 70,0.00%
ژاپن,فصل 09,0.00%
کانادا,فصل 27,0.00%
لهستان,فصل 39,0.00%
قزاقستان,فصل 63,0.00%
آلمان,فصل 63,0.00%
بحرین,فصل 69,0.00%
بحرین,فصل 58,0.00%
جمهوری چک,فصل 71,0.00%
عراق,فصل 67,0.00%
عراق,فصل 86,0.00%
ترکمنستان,فصل 18,0.00%
مصر,فصل 25,0.00%
چین,فصل 73,0.00%
کانادا,فصل 17,0.00%
تاجیکستان,فصل 33,0.00%
پاکستان,فصل 61,0.00%
لبنان,فصل 33,0.00%
ترکیه,فصل 95,0.00%
اردن,فصل 27,0.00%
سوریه,فصل 28,0.00%
استرالیا,فصل 84,0.00%
یونان,فصل 68,0.00%
فدراسیون روسیه,فصل 96,0.00%
قزاقستان,فصل 28,0.00%
جمهوری آذربایجان,فصل 23,0.00%
گرجستان,فصل 05,0.00%
جامائیکا,فصل 08,0.00%
ترکیه,فصل 91,0.00%
بنگلادش,فصل 38,0.00%
انگلستان (بریتانیا),فصل 17,0.00%
مناطق آزاد,فصل 08,0.00%
عمان,فصل 23,0.00%
هلند,فصل 06,0.00%
گرجستان,فصل 44,0.00%
قزاقستان,فصل 56,0.00%
بحرین,فصل 17,0.00%
چین,فصل 32,0.00%
ترکمنستان,فصل 86,0.00%
لبنان,فصل 30,0.00%
اردن,فصل 04,0.00%
ترکیه,فصل 83,0.00%
ویتنام,فصل 09,0.00%
اتریش,فصل 22,0.00%
عمان,فصل 12,0.00%
بحرین,فصل 08,0.00%
ویتنام,فصل 57,0.00%
عمان,فصل 62,0.00%
تاجیکستان,فصل 29,0.00%
پرتغال,فصل 27,0.00%
فرانسه,فصل 96,0.00%
بنگلادش,فصل 29,0.00%
مالزی,فصل 69,0.00%
اوکراین,فصل 39,0.00%
قزاقستان,فصل 09,0.00%
انگلستان (بریتانیا),فصل 10,0.00%
ازبکستان,فصل 05,0.00%
ایتالیا,فصل 57,0.00%
مجارستان,فصل 84,0.00%
ارمنستان,فصل 22,0.00%
کنیا,فصل 08,0.00%
قرقیزستان,فصل 55,0.00%
غنا,فصل 39,0.00%
تاجیکستان,فصل 83,0.00%
قرقیزستان,فصل 07,0.00%
ترکیه,فصل 49,0.00%
رومانی,فصل 69,0.00%
میانمار,فصل 29,0.00%
مجارستان,فصل 73,0.00%
قطر,فصل 69,0.00%
سری لانکا,فصل 84,0.00%
کانادا,فصل 09,0.00%
کنیا,فصل 19,0.00%
هلند,فصل 22,0.00%
جمهوری آذربایجان,فصل 85,0.00%
فدراسیون روسیه,فصل 54,0.00%
بوسنی و هرزگوین,فصل 08,0.00%
سودان,فصل 21,0.00%
لبنان,فصل 22,0.00%
سومالی,فصل 04,0.00%
ارمنستان,فصل 40,0.00%
بلغارستان,فصل 69,0.00%
بلاروس,فصل 79,0.00%
اردن,فصل 28,0.00%
مالزی,فصل 25,0.00%
فدراسیون روسیه,فصل 83,0.00%
لبنان,فصل 18,0.00%
افغانستان,فصل 24,0.00%
گرجستان,فصل 35,0.00%
یونان,فصل 73,0.00%
مالزی,فصل 09,0.00%
صربستان و مونته نگرو,فصل 70,0.00%
لیبی,فصل 56,0.00%
جمهوری چک,فصل 57,0.00%
سوئد,فصل 20,0.00%
صربستان و مونته نگرو,فصل 34,0.00%
کویت,فصل 16,0.00%
امارات متحده عربی,فصل 11,0.00%
تاجیکستان,فصل 48,0.00%
امارات متحده عربی,فصل 40,0.00%
مالی,فصل 19,0.00%
امارات متحده عربی,فصل 33,0.00%
لبنان,فصل 17,0.00%
لبنان,فصل 04,0.00%
امارات متحده عربی,فصل 44,0.00%
ارمنستان,فصل 17,0.00%
گرجستان,فصل 48,0.00%
انگلستان (بریتانیا),فصل 39,0.00%
فدراسیون روسیه,فصل 06,0.00%
چین,فصل 33,0.00%
بحرین,فصل 18,0.00%
بلغارستان,فصل 05,0.00%
عراق,فصل 65,0.00%
مناطق آزاد,فصل 07,0.00%
کانادا,فصل 04,0.00%
گرجستان,فصل 87,0.00%
فدراسیون روسیه,فصل 12,0.00%
قرقیزستان,فصل 69,0.00%
بلاروس,فصل 34,0.00%
آنگولا,فصل 27,0.00%
قرقیزستان,فصل 23,0.00%
ترکمنستان,فصل 22,0.00%
چین,فصل 38,0.00%
استرالیا,فصل 10,0.00%
فدراسیون روسیه,فصل 22,0.00%
قزاقستان,فصل 94,0.00%
برزیل,فصل 70,0.00%
عمان,فصل 95,0.00%
فدراسیون روسیه,فصل 33,0.00%
بحرین,فصل 22,0.00%
کویت,فصل 17,0.00%
کرواسی (Hrvatska),فصل 39,0.00%
آفریقای جنوبی,فصل 29,0.00%
سنگاپور,فصل 09,0.00%
انگلستان (بریتانیا),فصل 74,0.00%
کرواسی (Hrvatska),فصل 08,0.00%
افغانستان,فصل 91,0.00%
هند,فصل 20,0.00%
نروژ,فصل 08,0.00%
لیبی,فصل 32,0.00%
سویس,فصل 20,0.00%
عراق,فصل 66,0.00%
سوریه,فصل 96,0.00%
عمان,فصل 28,0.00%
گینه,فصل 69,0.00%
آلمان,فصل 51,0.00%
کنیا,فصل 29,0.00%
جمهوری آذربایجان,فصل 82,0.00%
گرجستان,فصل 24,0.00%
ترکمنستان,فصل 58,0.00%
کامبوج,فصل 01,0.00%
فدراسیون روسیه,فصل 41,0.00%
قرقیزستان,فصل 35,0.00%
کنیا,فصل 83,0.00%
دانمارک,فصل 21,0.00%
قبرس,فصل 39,0.00%
لیبی,فصل 39,0.00%
بحرین,فصل 15,0.00%
گرجستان,فصل 57,0.00%
رومانی,فصل 19,0.00%
ساحل عاج (ساحل عاج),فصل 17,0.00%
آلمان,فصل 38,0.00%
جمهوری مقدونیه(یوگسلاوی),فصل 27,0.00%
انگلستان (بریتانیا),فصل 19,0.00%
عربستان سعودی,فصل 70,0.00%
بوسنی و هرزگوین,فصل 57,0.00%
نیجریه,فصل 19,0.00%
ترکیه,فصل 01,0.00%
لهستان,فصل 84,0.00%
پاکستان,فصل 82,0.00%
نیجریه,فصل 94,0.00%
چین,فصل 84,0.00%
جمهوری آذربایجان,فصل 35,0.00%
کنیا,فصل 69,0.00%
چین,فصل 21,0.00%
قطر,فصل 24,0.00%
بوسنی و هرزگوین,فصل 84,0.00%
اندونزی,فصل 28,0.00%
کانادا,فصل 57,0.00%
ازبکستان,فصل 09,0.00%
تاجیکستان,فصل 22,0.00%
بلاروس,فصل 95,0.00%
جیبوتی,فصل 19,0.00%
ارمنستان,فصل 56,0.00%
ترکمنستان,فصل 15,0.00%
افغانستان,فصل 98,0.00%
قطر,فصل 32,0.00%
هند,فصل 49,0.00%
سویس,فصل 69,0.00%
فرانسه,فصل 08,0.00%
عراق,فصل 52,0.00%
تایلند,فصل 38,0.00%
گرجستان,فصل 11,0.00%
افغانستان,فصل 82,0.00%
مالزی,فصل 39,0.00%
تایلند,فصل 57,0.00%
ترکمنستان,فصل 03,0.00%
عراق,فصل 53,0.00%
استرالیا,فصل 19,0.00%
قطر,فصل 48,0.00%
عربستان سعودی,فصل 39,0.00%
آلبانی,فصل 07,0.00%
کویت,فصل 38,0.00%
بلغارستان,فصل 07,0.00%
ترکیه,فصل 17,0.00%
اسلواکی,فصل 39,0.00%
ویتنام,فصل 94,0.00%
تاجیکستان,فصل 54,0.00%
عمان,فصل 29,0.00%
ترکمنستان,فصل 59,0.00%
ازبکستان,فصل 31,0.00%
کویت,فصل 13,0.00%
ارمنستان,فصل 12,0.00%
انگلستان (بریتانیا),فصل 22,0.00%
چین,فصل 69,0.00%
اسلوونی,فصل 27,0.00%
پرتغال,فصل 68,0.00%
بحرین,فصل 84,0.00%
تاجیکستان,فصل 10,0.00%
اردن,فصل 19,0.00%
استرالیا,فصل 16,0.00%
افغانستان,فصل 62,0.00%
نروژ,فصل 20,0.00%
کانادا,فصل 85,0.00%
کویت,فصل 69,0.00%
اردن,فصل 84,0.00%
موریتانی,فصل 38,0.00%
تاجیکستان,فصل 90,0.00%
سویس,فصل 94,0.00%
تایلند,فصل 06,0.00%
لهستان,فصل 20,0.00%
سومالی,فصل 08,0.00%
پاراگوئه,فصل 28,0.00%
امارات متحده عربی,فصل 85,0.00%
ترکمنستان,فصل 52,0.00%
تانزانیا,فصل 19,0.00%
گرجستان,فصل 33,0.00%
قرقیزستان,فصل 49,0.00%
قرقیزستان,فصل 28,0.00%
آلمان,فصل 33,0.00%
ترکمنستان,فصل 49,0.00%
یمن,فصل 18,0.00%
پاکستان,فصل 49,0.00%
بحرین,فصل 68,0.00%
امارات متحده عربی,فصل 55,0.00%
سوریه,فصل 13,0.00%
یمن,فصل 70,0.00%
کرواسی (Hrvatska),فصل 28,0.00%
ترکیه,فصل 67,0.00%
هلند,فصل 17,0.00%
کویت,فصل 19,0.00%
مالزی,فصل 13,0.00%
هند,فصل 69,0.00%
گرجستان,فصل 19,0.00%
یونان,فصل 20,0.00%
پاکستان,فصل 58,0.00%
قزاقستان,فصل 06,0.00%
نیجریه,فصل 68,0.00%
افغانستان,فصل 52,0.00%
تایلند,فصل 28,0.00%
سوریه,فصل 14,0.00%
قبرس,فصل 30,0.00%
فرانسه,فصل 68,0.00%
بحرین,فصل 34,0.00%
سوئد,فصل 09,0.00%
اردن,فصل 39,0.00%
استرالیا,فصل 68,0.00%
سری لانکا,فصل 68,0.00%
گرجستان,فصل 40,0.00%
اندونزی,فصل 29,0.00%
سوریه,فصل 84,0.00%
استرالیا,فصل 94,0.00%
ارمنستان,فصل 29,0.00%
لهستان,فصل 07,0.00%
انگلستان (بریتانیا),فصل 83,0.00%
بنگلادش,فصل 32,0.00%
ازبکستان,فصل 02,0.00%
کویت,فصل 54,0.00%
قطر,فصل 15,0.00%
نروژ,فصل 22,0.00%
لیبی,فصل 69,0.00%
سوئد,فصل 07,0.00%
پاکستان,فصل 83,0.00%
اوکراین,فصل 20,0.00%
کرواسی (Hrvatska),فصل 35,0.00%
پاکستان,فصل 95,0.00%
پاکستان,فصل 85,0.00%
فرانسه,فصل 86,0.00%
آفریقای جنوبی,فصل 19,0.00%
قطر,فصل 18,0.00%
تاجیکستان,فصل 40,0.00%
گرجستان,فصل 49,0.00%
امارات متحده عربی,فصل 96,0.00%
بحرین,فصل 95,0.00%
امارات متحده عربی,فصل 51,0.00%
ترکمنستان,فصل 61,0.00%
آلمان,فصل 69,0.00%
کانادا,فصل 19,0.00%
آلمان,فصل 85,0.00%
بلاروس,فصل 84,0.00%
لهستان,فصل 32,0.00%
اتریش,فصل 62,0.00%
افغانستان,فصل 60,0.00%
هلند,فصل 33,0.00%
عراق,فصل 89,0.00%
سوئد,فصل 84,0.00%
رومانی,فصل 34,0.00%
قرقیزستان,فصل 72,0.00%
ارمنستان,فصل 64,0.00%
چین,فصل 44,0.00%
کویت,فصل 44,0.00%
قطر,فصل 44,0.00%
رومانی,فصل 44,0.00%
کانادا,فصل 21,0.00%
هند,فصل 73,0.00%
هلند,فصل 39,0.00%
لیبی,فصل 38,0.00%
مجارستان,فصل 68,0.00%
مصر,فصل 38,0.00%
استرالیا,فصل 17,0.00%
ازبکستان,فصل 33,0.00%
ازبکستان,فصل 90,0.00%
فرانسه,فصل 33,0.00%
قطر,فصل 10,0.00%
بحرین,فصل 33,0.00%
اردن,فصل 09,0.00%
امارات متحده عربی,فصل 42,0.00%
اسپانیا,فصل 57,0.00%
اتریش,فصل 19,0.00%
صربستان و مونته نگرو,فصل 68,0.00%
کویت,فصل 33,0.00%
اسپانیا,فصل 68,0.00%
سنگاپور,فصل 84,0.00%
تاجیکستان,فصل 62,0.00%
سوریه,فصل 19,0.00%
عمان,فصل 71,0.00%
گرجستان,فصل 06,0.00%
اتریش,فصل 13,0.00%
لیبی,فصل 94,0.00%
بلغارستان,فصل 27,0.00%
آلمان,فصل 96,0.00%
ایتالیا,فصل 69,0.00%
سوئد,فصل 62,0.00%
یمن,فصل 28,0.00%
قرقیزستان,فصل 61,0.00%
هنگ کنگ,فصل 57,0.00%
انگلستان (بریتانیا),فصل 73,0.00%
آلمان,فصل 70,0.00%
انگلستان (بریتانیا),فصل 85,0.00%
چین,فصل 34,0.00%
کنیا,فصل 38,0.00%
لهستان,فصل 70,0.00%
چین,فصل 68,0.00%
سویس,فصل 08,0.00%
امارات متحده عربی,فصل 61,0.00%
سوریه,فصل 40,0.00%
مالزی,فصل 16,0.00%
استرالیا,فصل 39,0.00%
قزاقستان,فصل 96,0.00%
مجارستان,فصل 20,0.00%
تایوان,فصل 25,0.00%
افغانستان,فصل 12,0.00%
کانادا,فصل 92,0.00%
مالزی,فصل 22,0.00%
انگلستان (بریتانیا),فصل 84,0.00%
لهستان,فصل 18,0.00%
تایلند,فصل 90,0.00%
قرقیزستان,فصل 33,0.00%
بحرین,فصل 07,0.00%
سویس,فصل 39,0.00%
ارمنستان,فصل 19,0.00%
آلمان,فصل 76,0.00%
قطر,فصل 12,0.00%
سوریه,فصل 20,0.00%
چین,فصل 87,0.00%
تاجیکستان,فصل 95,0.00%
ساحل عاج (ساحل عاج),فصل 18,0.00%
استرالیا,فصل 33,0.00%
ژاپن,فصل 13,0.00%
قزاقستان,فصل 02,0.00%
چین,فصل 85,0.00%
بحرین,فصل 73,0.00%
انگلستان (بریتانیا),فصل 33,0.00%
ارمنستان,فصل 35,0.00%
هلند,فصل 19,0.00%
لبنان,فصل 01,0.00%
عربستان سعودی,فصل 68,0.00%
کره (جنوبی),فصل 68,0.00%
عربستان سعودی,فصل 25,0.00%
کویت,فصل 34,0.00%
مناطق آزاد,فصل 19,0.00%
اتریش,فصل 10,0.00%
هند,فصل 38,0.00%
آفریقای جنوبی,فصل 94,0.00%
یونان,فصل 25,0.00%
جمهوری آذربایجان,فصل 91,0.00%
عمان,فصل 35,0.00%
انگلستان (بریتانیا),فصل 71,0.00%
پاکستان,فصل 48,0.00%
مغولستان,فصل 08,0.00%
غنا,فصل 29,0.00%
بحرین,فصل 63,0.00%
فدراسیون روسیه,فصل 76,0.00%
بحرین,فصل 39,0.00%
سنگاپور,فصل 20,0.00%
پاکستان,فصل 11,0.00%
قرقیزستان,فصل 20,0.00%
استرالیا,فصل 63,0.00%
عمان,فصل 13,0.00%
ازبکستان,فصل 18,0.00%
کنیا,فصل 17,0.00%
میانمار,فصل 05,0.00%
آفریقای جنوبی,فصل 16,0.00%
ویتنام,فصل 90,0.00%
امارات متحده عربی,فصل 82,0.00%
اتریش,فصل 17,0.00%
کویت,فصل 83,0.00%
ویتنام,فصل 25,0.00%
گرجستان,فصل 74,0.00%
اندونزی,فصل 68,0.00%
لهستان,فصل 17,0.00%
ترکیه,فصل 14,0.00%
افغانستان,فصل 06,0.00%
رومانی,فصل 54,0.00%
انگلستان (بریتانیا),فصل 94,0.00%
انگلستان (بریتانیا),فصل 58,0.00%
کویت,فصل 18,0.00%
لیبی,فصل 73,0.00%
قطر,فصل 84,0.00%
بلغارستان,فصل 16,0.00%
کنیا,فصل 70,0.00%
قبرس,فصل 68,0.00%
عمان,فصل 90,0.00%
کانادا,فصل 69,0.00%
رومانی,فصل 16,0.00%
پرتغال,فصل 30,0.00%
برزیل,فصل 30,0.00%
قزاقستان,فصل 12,0.00%
کویت,فصل 58,0.00%
مجارستان,فصل 87,0.00%
کنیا,فصل 57,0.00%
لیبریا,فصل 27,0.00%
قطر,فصل 94,0.00%
نیجریه,فصل 38,0.00%
ارمنستان,فصل 18,0.00%
عمان,فصل 61,0.00%
اسپانیا,فصل 63,0.00%
عمان,فصل 32,0.00%
مالزی,فصل 68,0.00%
ترکمنستان,فصل 60,0.00%
بلژیک,فصل 76,0.00%
امارات متحده عربی,فصل 46,0.00%
جمهوری آذربایجان,فصل 97,0.00%
چین,فصل 20,0.00%
سنگال,فصل 57,0.00%
سویس,فصل 73,0.00%
نیجریه,فصل 30,0.00%
قزاقستان,فصل 91,0.00%
جمهوری مولداوی,فصل 07,0.00%
کویت,فصل 62,0.00%
مناطق آزاد,فصل 84,0.00%
لبنان,فصل 40,0.00%
ارمنستان,فصل 96,0.00%
عمان,فصل 63,0.00%
ایالات متحده,فصل 49,0.00%
ازبکستان,فصل 06,0.00%
ژاپن,فصل 84,0.00%
سوئد,فصل 17,0.00%
کویت,فصل 82,0.00%
افغانستان,فصل 50,0.00%
اتریش,فصل 68,0.00%
استرالیا,فصل 69,0.00%
افغانستان,فصل 66,0.00%
هلند,فصل 73,0.00%
پاکستان,فصل 68,0.00%
نروژ,فصل 57,0.00%
کره (جنوبی),فصل 07,0.00%
جمهوری چک,فصل 30,0.00%
سنگاپور,فصل 16,0.00%
هلند,فصل 07,0.00%
قرقیزستان,فصل 94,0.00%
آلمان,فصل 62,0.00%
هند,فصل 12,0.00%
چین,فصل 19,0.00%
لبنان,فصل 03,0.00%
ترکیه,فصل 33,0.00%
انگلستان (بریتانیا),فصل 69,0.00%
گرجستان,فصل 85,0.00%
ترکمنستان,فصل 90,0.00%
سری لانکا,فصل 49,0.00%
مناطق آزاد,فصل 72,0.00%
لوکزامبورگ,فصل 16,0.00%
ازبکستان,فصل 82,0.00%
مناطق آزاد,فصل 70,0.00%
عمان,فصل 42,0.00%
کویت,فصل 94,0.00%
گرجستان,فصل 29,0.00%
فرانسه,فصل 44,0.00%
انگلستان (بریتانیا),فصل 42,0.00%
نیجریه,فصل 04,0.00%
استرالیا,فصل 70,0.00%
عمان,فصل 40,0.00%
تایلند,فصل 25,0.00%
سوئد,فصل 73,0.00%
مالزی,فصل 04,0.00%
انگلستان (بریتانیا),فصل 16,0.00%
بحرین,فصل 76,0.00%
ژاپن,فصل 63,0.00%
نیوزیلند (Aotearoa),فصل 21,0.00%
ترکمنستان,فصل 62,0.00%
سویس,فصل 22,0.00%
قطر,فصل 76,0.00%
دانمارک,فصل 33,0.00%
آفریقای جنوبی,فصل 30,0.00%
کانادا,فصل 62,0.00%
چین,فصل 71,0.00%
بوسنی و هرزگوین,فصل 39,0.00%
ترکمنستان,فصل 91,0.00%
نروژ,فصل 09,0.00%
فرانسه,فصل 12,0.00%
کانادا,فصل 48,0.00%
جمهوری مقدونیه(یوگسلاوی),فصل 33,0.00%
نروژ,فصل 17,0.00%
انگلستان (بریتانیا),فصل 87,0.00%
هنگ کنگ,فصل 21,0.00%
مناطق آزاد,فصل 39,0.00%
نیوزیلند (Aotearoa),فصل 20,0.00%
فدراسیون روسیه,فصل 11,0.00%
ایتالیا,فصل 95,0.00%
رومانی,فصل 25,0.00%
کره (جنوبی),فصل 08,0.00%
کلمبیا,فصل 57,0.00%
جمهوری آذربایجان,فصل 13,0.00%
آلمان,فصل 44,0.00%
تانزانیا,فصل 49,0.00%
مکزیک,فصل 41,0.00%
کانادا,فصل 33,0.00%
استرالیا,فصل 12,0.00%
عراق,فصل 75,0.00%
ایتالیا,فصل 48,0.00%
صربستان و مونته نگرو,فصل 20,0.00%
سوئد,فصل 76,0.00%
مالزی,فصل 38,0.00%
هلند,فصل 69,0.00%
مالزی,فصل 20,0.00%
قرقیزستان,فصل 17,0.00%
بلژیک,فصل 69,0.00%
سویس,فصل 17,0.00%
پاکستان,فصل 44,0.00%
نیجریه,فصل 18,0.00%
لبنان,فصل 95,0.00%
ترکیه,فصل 96,0.00%
چین,فصل 50,0.00%
قطر,فصل 21,0.00%
گرجستان,فصل 66,0.00%
کانادا,فصل 94,0.00%
ازبکستان,فصل 12,0.00%
یونان,فصل 57,0.00%
دانمارک,فصل 10,0.00%
آلمان,فصل 74,0.00%
اسپانیا,فصل 94,0.00%
قزاقستان,فصل 33,0.00%
لبنان,فصل 62,0.00%
آلمان,فصل 25,0.00%
اتریش,فصل 39,0.00%
سویس,فصل 63,0.00%
برزیل,فصل 57,0.00%
گرجستان,فصل 16,0.00%
سویس,فصل 19,0.00%
گرجستان,فصل 83,0.00%
قرقیزستان,فصل 19,0.00%
اردن,فصل 07,0.00%
ارمنستان,فصل 30,0.00%
گرجستان,فصل 18,0.00%
عمان,فصل 46,0.00%
سوریه,فصل 33,0.00%
تاجیکستان,فصل 87,0.00%
قزاقستان,فصل 97,0.00%
لبنان,فصل 20,0.00%
قطر,فصل 85,0.00%
قطر,فصل 49,0.00%
دانمارک,فصل 07,0.00%
بلغارستان,فصل 63,0.00%
بلغارستان,فصل 11,0.00%
نروژ,فصل 19,0.00%
لهستان,فصل 13,0.00%
سوئد,فصل 10,0.00%
عمان,فصل 79,0.00%
بوسنی و هرزگوین,فصل 94,0.00%
افغانستان,فصل 65,0.00%
رومانی,فصل 10,0.00%
هلند,فصل 48,0.00%
آلمان,فصل 58,0.00%
عمان,فصل 85,0.00%
عراق,فصل 71,0.00%
گرجستان,فصل 61,0.00%
هلند,فصل 12,0.00%
ارمنستان,فصل 42,0.00%
مناطق آزاد,فصل 57,0.00%
مجارستان,فصل 57,0.00%
عمان,فصل 48,0.00%
مغولستان,فصل 18,0.00%
ازبکستان,فصل 63,0.00%
انگلستان (بریتانیا),فصل 82,0.00%
کانادا,فصل 29,0.00%
ژاپن,فصل 39,0.00%
ژاپن,فصل 74,0.00%
هنگ کنگ,فصل 85,0.00%
بحرین,فصل 85,0.00%
کانادا,فصل 22,0.00%
هلند,فصل 76,0.00%
فدراسیون روسیه,فصل 48,0.00%
بحرین,فصل 49,0.00%
هنگ کنگ,فصل 16,0.00%
مالزی,فصل 49,0.00%
فدراسیون روسیه,فصل 05,0.00%
مناطق آزاد,فصل 73,0.00%
کویت,فصل 10,0.00%
آلمان,فصل 49,0.00%
آلمان,فصل 64,0.00%
سوئد,فصل 21,0.00%
مالدیو,فصل 01,0.00%
لبنان,فصل 42,0.00%
کانادا,فصل 50,0.00%
سویس,فصل 21,0.00%
هلند,فصل 70,0.00%
نروژ,فصل 10,0.00%
سوئد,فصل 33,0.00%
ایتالیا,فصل 42,0.00%
مجارستان,فصل 09,0.00%
رومانی,فصل 83,0.00%
استرالیا,فصل 06,0.00%
مجارستان,فصل 19,0.00%
ازبکستان,فصل 91,0.00%
کانادا,فصل 46,0.00%
انگلستان (بریتانیا),فصل 07,0.00%
نیوزیلند (Aotearoa),فصل 19,0.00%
نیجریه,فصل 69,0.00%
استرالیا,فصل 49,0.00%
آلمان,فصل 32,0.00%
امارات متحده عربی,فصل 67,0.00%
تایلند,فصل 41,0.00%
امارات متحده عربی,فصل 06,0.00%
ازبکستان,فصل 87,0.00%
بلغارستان,فصل 17,0.00%
ارمنستان,فصل 66,0.00%
صربستان و مونته نگرو,فصل 09,0.00%
کویت,فصل 42,0.00%
استرالیا,فصل 04,0.00%
اتریش,فصل 07,0.00%
نروژ,فصل 07,0.00%
گرجستان,فصل 17,0.00%
عمان,فصل 96,0.00%
قزاقستان,فصل 19,0.00%
ازبکستان,فصل 64,0.00%
ایتالیا,فصل 76,0.00%
فدراسیون روسیه,فصل 78,0.00%
آلمان,فصل 04,0.00%
جمهوری چک,فصل 90,0.00%
نیوزیلند (Aotearoa),فصل 39,0.00%
استرالیا,فصل 55,0.00%
سوئد,فصل 74,0.00%
بحرین,فصل 70,0.00%
مناطق آزاد,فصل 25,0.00%
لوکزامبورگ,فصل 28,0.00%
سوئد,فصل 69,0.00%
سویس,فصل 90,0.00%
کویت,فصل 15,0.00%
بلاروس,فصل 70,0.00%
بلژیک,فصل 48,0.00%
استرالیا,فصل 34,0.00%
جمهوری آذربایجان,فصل 12,0.00%
انگلستان (بریتانیا),فصل 48,0.00%
ترکیه,فصل 61,0.00%
فرانسه,فصل 20,0.00%
لبنان,فصل 57,0.00%
انگلستان (بریتانیا),فصل 29,0.00%
کانادا,فصل 49,0.00%
هنگ کنگ,فصل 71,0.00%
کویت,فصل 74,0.00%
مجارستان,فصل 21,0.00%
جمهوری مقدونیه(یوگسلاوی),فصل 21,0.00%
صربستان و مونته نگرو,فصل 73,0.00%
مناطق آزاد,فصل 85,0.00%
فرانسه,فصل 21,0.00%
گرجستان,فصل 65,0.00%
مجارستان,فصل 33,0.00%
ارمنستان,فصل 58,0.00%
سوئد,فصل 22,0.00%
کانادا,فصل 34,0.00%
آلمان,فصل 90,0.00%
نروژ,فصل 14,0.00%
هلند,فصل 85,0.00%
لبنان,فصل 52,0.00%
کویت,فصل 46,0.00%
هلند,فصل 68,0.00%
مالزی,فصل 17,0.00%
کره (جنوبی),فصل 76,0.00%
پاکستان,فصل 42,0.00%
هلند,فصل 92,0.00%
سوئد,فصل 19,0.00%
ژاپن,فصل 44,0.00%
ژاپن,فصل 69,0.00%
کلمبیا,فصل 63,0.00%
هلند,فصل 44,0.00%
نیوزیلند (Aotearoa),فصل 12,0.00%
آلمان,فصل 11,0.00%
بحرین,فصل 62,0.00%
ژاپن,فصل 96,0.00%
کویت,فصل 92,0.00%
ترکیه,فصل 62,0.00%
سویس,فصل 33,0.00%
انگلستان (بریتانیا),فصل 12,0.00%
هلند,فصل 14,0.00%
لبنان,فصل 73,0.00%
آلمان,فصل 06,0.00%
امارات متحده عربی,فصل 63,0.00%
ژاپن,فصل 04,0.00%
ترکیه,فصل 42,0.00%
آلمان,فصل 82,0.00%
عراق,فصل 05,0.00%
بحرین,فصل 42,0.00%
مناطق آزاد,فصل 94,0.00%
امارات متحده عربی,فصل 35,0.00%
آفریقای جنوبی,فصل 26,0.00%
آلمان,فصل 61,0.00%
نروژ,فصل 73,0.00%
سوئد,فصل 39,0.00%
بحرین,فصل 48,0.00%
هند,فصل 04,0.00%
ترکمنستان,فصل 65,0.00%
بحرین,فصل 44,0.00%
سوئد,فصل 46,0.00%
فرانسه,فصل 85,0.00%
آلبانی,فصل 61,0.00%
هلند,فصل 61,0.00%
مجارستان,فصل 22,0.00%
کویت,فصل 49,0.00%
مناطق آزاد,فصل 44,0.00%
کانادا,فصل 25,0.00%
جمهوری آذربایجان,فصل 11,0.00%
بحرین,فصل 91,0.00%
کویت,فصل 91,0.00%
لهستان,فصل 09,0.00%
ژاپن,فصل 34,0.00%
کویت,فصل 76,0.00%
یونان,فصل 87,0.00%
سویس,فصل 34,0.00%
یونان,فصل 85,0.00%
افغانستان,فصل 67,0.00%
فرانسه,فصل 70,0.00%
کانادا,فصل 63,0.00%
سوئد,فصل 25,0.00%
آلمان,فصل 48,0.00%
فرانسه,فصل 25,0.00%
سوئد,فصل 44,0.00%
کانادا,فصل 73,0.00%
فدراسیون روسیه,فصل 61,0.00%
اتریش,فصل 16,0.00%
اتریش,فصل 33,0.00%
اتریش,فصل 73,0.00%
اتریش,فصل 94,0.00%
اتیوپی,فصل 28,0.00%
اردن,فصل 20,0.00%
اردن,فصل 44,0.00%
آرژانتین,فصل 57,0.00%
ارمنستان,فصل 52,0.00%
ارمنستان,فصل 61,0.00%
ارمنستان,فصل 75,0.00%
ازبکستان,فصل 56,0.00%
ازبکستان,فصل 95,0.00%
اسپانیا,فصل 54,0.00%
استرالیا,فصل 76,0.00%
استرالیا,فصل 90,0.00%
استونی,فصل 07,0.00%
استونی,فصل 39,0.00%
اسلوونی,فصل 25,0.00%
آفریقای جنوبی,فصل 72,0.00%
افغانستان,فصل 53,0.00%
اکوادور,فصل 39,0.00%
اکوادور,فصل 84,0.00%
آلبانی,فصل 20,0.00%
الجزایر,فصل 13,0.00%
آلمان,فصل 68,0.00%
آلمان,فصل 79,0.00%
آلمان,فصل 91,0.00%
امارات متحده عربی,فصل 02,0.00%
امارات متحده عربی,فصل 24,0.00%
امارات متحده عربی,فصل 32,0.00%
امارات متحده عربی,فصل 49,0.00%
امارات متحده عربی,فصل 58,0.00%
امارات متحده عربی,فصل 98,0.00%
انگلستان (بریتانیا),فصل 25,0.00%
ایالات متحده,فصل 09,0.00%
ایالات متحده,فصل 94,0.00%
ایتالیا,فصل 12,0.00%
ایتالیا,فصل 16,0.00%
ایتالیا,فصل 20,0.00%
ایتالیا,فصل 27,0.00%
ایتالیا,فصل 32,0.00%
ایتالیا,فصل 55,0.00%
ایتالیا,فصل 90,0.00%
ایرلند,فصل 72,0.00%
بحرین,فصل 11,0.00%
بحرین,فصل 12,0.00%
بحرین,فصل 72,0.00%
برزیل,فصل 16,0.00%
بلاروس,فصل 25,0.00%
بلاروس,فصل 30,0.00%
بلاروس,فصل 38,0.00%
بلاروس,فصل 52,0.00%
بلاروس,فصل 68,0.00%
بلژیک,فصل 72,0.00%
بلژیک,فصل 94,0.00%
بلغارستان,فصل 24,0.00%
بلغارستان,فصل 38,0.00%
بلغارستان,فصل 57,0.00%
بورکینافاسو,فصل 85,0.00%
بوسنی و هرزگوین,فصل 27,0.00%
بوسنی و هرزگوین,فصل 70,0.00%
پاکستان,فصل 13,0.00%
پاکستان,فصل 62,0.00%
پاکستان,فصل 76,0.00%
پاکستان,فصل 94,0.00%
پرتغال,فصل 84,0.00%
پرو,فصل 08,0.00%
تاجیکستان,فصل 16,0.00%
تاجیکستان,فصل 31,0.00%
تاجیکستان,فصل 42,0.00%
تاجیکستان,فصل 96,0.00%
تانزانیا,فصل 39,0.00%
تانزانیا,فصل 84,0.00%
ترکمنستان,فصل 31,0.00%
ترکمنستان,فصل 51,0.00%
ترکمنستان,فصل 82,0.00%
ترکیه,فصل 06,0.00%
ترکیه,فصل 16,0.00%
ترکیه,فصل 24,0.00%
ترکیه,فصل 46,0.00%
ترکیه,فصل 64,0.00%
جمهوری آذربایجان,فصل 02,0.00%
جمهوری آذربایجان,فصل 14,0.00%
جمهوری آذربایجان,فصل 16,0.00%
جمهوری آذربایجان,فصل 24,0.00%
جمهوری آذربایجان,فصل 46,0.00%
جمهوری آذربایجان,فصل 90,0.00%
جمهوری چک,فصل 29,0.00%
جمهوری چک,فصل 39,0.00%
جمهوری مقدونیه(یوگسلاوی),فصل 39,0.00%
جمهوری مقدونیه(یوگسلاوی),فصل 85,0.00%
جمهوری مولداوی,فصل 70,0.00%
جیبوتی,فصل 04,0.00%
جیبوتی,فصل 63,0.00%
چین,فصل 12,0.00%
چین,فصل 13,0.00%
چین,فصل 18,0.00%
چین,فصل 22,0.00%
چین,فصل 41,0.00%
چین,فصل 86,0.00%
دانمارک,فصل 84,0.00%
رومانی,فصل 22,0.00%
رومانی,فصل 48,0.00%
رومانی,فصل 49,0.00%
زامبیا,فصل 84,0.00%
زیمبابوه,فصل 17,0.00%
زیمبابوه,فصل 18,0.00%
زیمبابوه,فصل 19,0.00%
زیمبابوه,فصل 20,0.00%
زیمبابوه,فصل 73,0.00%
ژاپن,فصل 20,0.00%
ژاپن,فصل 21,0.00%
ژاپن,فصل 70,0.00%
سری لانکا,فصل 72,0.00%
سنگاپور,فصل 19,0.00%
سنگال,فصل 08,0.00%
سنگال,فصل 39,0.00%
سودان,فصل 20,0.00%
سودان,فصل 85,0.00%
سوریه,فصل 17,0.00%
سوریه,فصل 34,0.00%
سوریه,فصل 35,0.00%
سوریه,فصل 56,0.00%
سوریه,فصل 73,0.00%
سوریه,فصل 87,0.00%
سومالی,فصل 39,0.00%
سومالی,فصل 73,0.00%
سومالی,فصل 84,0.00%
سومالی,فصل 94,0.00%
سوئد,فصل 49,0.00%
سوئد,فصل 63,0.00%
سویس,فصل 16,0.00%
سیشل,فصل 16,0.00%
صربستان و مونته نگرو,فصل 72,0.00%
عراق,فصل 98,0.00%
عمان,فصل 01,0.00%
عمان,فصل 14,0.00%
عمان,فصل 24,0.00%
عمان,فصل 64,0.00%
فدراسیون روسیه,فصل 14,0.00%
فدراسیون روسیه,فصل 26,0.00%
فرانسه,فصل 49,0.00%
فرانسه,فصل 95,0.00%
فنلاند,فصل 39,0.00%
فنلاند,فصل 57,0.00%
فنلاند,فصل 69,0.00%
فنلاند,فصل 73,0.00%
فنلاند,فصل 91,0.00%
فیلیپین,فصل 04,0.00%
فیلیپین,فصل 29,0.00%
قبرس,فصل 08,0.00%
قبرس,فصل 69,0.00%
قرقیزستان,فصل 05,0.00%
قرقیزستان,فصل 21,0.00%
قرقیزستان,فصل 63,0.00%
قزاقستان,فصل 10,0.00%
قزاقستان,فصل 13,0.00%
قزاقستان,فصل 18,0.00%
قزاقستان,فصل 49,0.00%
قزاقستان,فصل 72,0.00%
قزاقستان,فصل 83,0.00%
قزاقستان,فصل 95,0.00%
قطر,فصل 66,0.00%
قطر,فصل 79,0.00%
قطر,فصل 91,0.00%
کامبوج,فصل 30,0.00%
کانادا,فصل 10,0.00%
کانادا,فصل 16,0.00%
کره (جنوبی),فصل 39,0.00%
کنگو,فصل 29,0.00%
کویت,فصل 06,0.00%
کویت,فصل 48,0.00%
کویت,فصل 63,0.00%
گرجستان,فصل 02,0.00%
گرجستان,فصل 09,0.00%
گرجستان,فصل 12,0.00%
گرجستان,فصل 31,0.00%
گرجستان,فصل 54,0.00%
لبنان,فصل 06,0.00%
لبنان,فصل 96,0.00%
لهستان,فصل 06,0.00%
لهستان,فصل 19,0.00%
لهستان,فصل 33,0.00%
لهستان,فصل 72,0.00%
لیبی,فصل 01,0.00%
مالزی,فصل 02,0.00%
مالزی,فصل 15,0.00%
مناطق ویژه,فصل 25,0.00%
موریتانی,فصل 09,0.00%
موریس,فصل 09,0.00%
هلند,فصل 04,0.00%
هلند,فصل 13,0.00%
هلند,فصل 28,0.00%
هلند,فصل 57,0.00%
هند,فصل 22,0.00%
هنگ کنگ,فصل 02,0.00%
هنگ کنگ,فصل 09,0.00%
ونزوئلا,فصل 20,0.00%
ونزوئلا,فصل 27,0.00%
ونزوئلا,فصل 32,0.00%
ونزوئلا,فصل 38,0.00%
ویتنام,فصل 01,0.00%
ویتنام,فصل 04,0.00%
یمن,فصل 20,0.00%
یمن,فصل 39,0.00%
یمن,فصل 90,0.00%
تایلند,فصل 27,0.00%
مالزی,فصل 28,0.00%
