Wrong country,فصل,%GT Total Import
چین,فصل 98,6.85%
چین,فصل 85,5.62%
امارات متحده عربی,فصل 85,5.46%
ترکیه,فصل 10,5.23%
چین,فصل 84,4.87%
امارات متحده عربی,فصل 84,3.74%
امارات متحده عربی,فصل 87,3.25%
امارات متحده عربی,فصل 10,2.80%
ترکیه,فصل 71,2.66%
فدراسیون روسیه,فصل 10,2.37%
چین,فصل 87,1.92%
ترکیه,فصل 87,1.92%
ترکیه,فصل 84,1.55%
سنگاپور,فصل 10,1.37%
امارات متحده عربی,فصل 71,1.34%
چین,فصل 73,1.23%
ترکیه,فصل 23,1.12%
چین,فصل 72,1.11%
امارات متحده عربی,فصل 29,1.05%
امارات متحده عربی,فصل 12,1.04%
چین,فصل 29,1.02%
چین,فصل 39,0.91%
امارات متحده عربی,فصل 38,0.87%
امارات متحده عربی,فصل 98,0.86%
امارات متحده عربی,فصل 90,0.84%
امارات متحده عربی,فصل 39,0.80%
چین,فصل 48,0.67%
چین,فصل 90,0.66%
امارات متحده عربی,فصل 17,0.63%
آلمان,فصل 87,0.59%
سویس,فصل 10,0.58%
امارات متحده عربی,فصل 48,0.55%
امارات متحده عربی,فصل 15,0.54%
چین,فصل 38,0.50%
امارات متحده عربی,فصل 47,0.49%
ترکیه,فصل 02,0.48%
ترکیه,فصل 85,0.48%
هنگ کنگ,فصل 10,0.47%
هند,فصل 08,0.44%
امارات متحده عربی,فصل 09,0.43%
امارات متحده عربی,فصل 30,0.43%
امارات متحده عربی,فصل 40,0.43%
انگلستان (بریتانیا),فصل 10,0.42%
چین,فصل 40,0.42%
امارات متحده عربی,فصل 27,0.41%
ترکیه,فصل 39,0.40%
آلمان,فصل 84,0.38%
سویس,فصل 90,0.37%
لبنان,فصل 87,0.37%
چین,فصل 27,0.36%
امارات متحده عربی,فصل 44,0.33%
عمان,فصل 84,0.32%
آلمان,فصل 85,0.32%
امارات متحده عربی,فصل 23,0.32%
چین,فصل 81,0.31%
ترکیه,فصل 55,0.30%
هند,فصل 09,0.28%
عمان,فصل 10,0.28%
تاجیکستان,فصل 52,0.27%
پاکستان,فصل 02,0.27%
مناطق ویژه,فصل 28,0.26%
پاکستان,فصل 10,0.25%
امارات متحده عربی,فصل 72,0.25%
امارات متحده عربی,فصل 07,0.24%
فدراسیون روسیه,فصل 44,0.24%
چین,فصل 28,0.24%
چین,فصل 70,0.24%
چین,فصل 76,0.23%
ترکیه,فصل 90,0.23%
ترکیه,فصل 08,0.23%
امارات متحده عربی,فصل 18,0.23%
اتریش,فصل 30,0.23%
فیلیپین,فصل 08,0.22%
عراق,فصل 87,0.22%
چین,فصل 32,0.22%
امارات متحده عربی,فصل 28,0.21%
ترکیه,فصل 24,0.21%
ترکیه,فصل 28,0.21%
ترکیه,فصل 29,0.20%
فدراسیون روسیه,فصل 85,0.19%
امارات متحده عربی,فصل 02,0.19%
چین,فصل 94,0.19%
ترکیه,فصل 18,0.19%
هند,فصل 10,0.19%
سویس,فصل 23,0.19%
چین,فصل 54,0.18%
مناطق آزاد,فصل 24,0.17%
چین,فصل 69,0.17%
هلند,فصل 90,0.17%
ایتالیا,فصل 84,0.17%
ترکیه,فصل 07,0.16%
امارات متحده عربی,فصل 55,0.16%
هلند,فصل 04,0.16%
ایتالیا,فصل 30,0.15%
کره (جنوبی),فصل 85,0.15%
مالزی,فصل 40,0.15%
چین,فصل 55,0.15%
ترکیه,فصل 72,0.15%
ایرلند,فصل 33,0.15%
امارات متحده عربی,فصل 32,0.15%
امارات متحده عربی,فصل 33,0.15%
عراق,فصل 76,0.15%
فدراسیون روسیه,فصل 84,0.15%
آلمان,فصل 90,0.15%
ترکیه,فصل 38,0.14%
چین,فصل 12,0.14%
هند,فصل 29,0.14%
قزاقستان,فصل 10,0.14%
ترکیه,فصل 32,0.14%
فدراسیون روسیه,فصل 15,0.14%
ایالات متحده,فصل 30,0.14%
کره (جنوبی),فصل 90,0.13%
سوریه,فصل 25,0.13%
پاکستان,فصل 08,0.13%
ترکیه,فصل 33,0.13%
آفریقای جنوبی,فصل 44,0.13%
هنگ کنگ,فصل 85,0.13%
کره (جنوبی),فصل 39,0.13%
امارات متحده عربی,فصل 73,0.13%
بلژیک,فصل 90,0.12%
هنگ کنگ,فصل 84,0.12%
چین,فصل 68,0.12%
امارات متحده عربی,فصل 21,0.12%
ترکیه,فصل 30,0.12%
عمان,فصل 12,0.11%
عراق,فصل 84,0.11%
آلمان,فصل 30,0.11%
ترکیه,فصل 44,0.11%
ترکیه,فصل 47,0.11%
هند,فصل 02,0.11%
امارات متحده عربی,فصل 76,0.11%
هند,فصل 30,0.11%
ترکیه,فصل 48,0.11%
قزاقستان,فصل 87,0.11%
عراق,فصل 71,0.10%
امارات متحده عربی,فصل 08,0.10%
ترکیه,فصل 35,0.10%
دانمارک,فصل 30,0.10%
آلمان,فصل 38,0.10%
عمان,فصل 29,0.09%
امارات متحده عربی,فصل 83,0.09%
ترکیه,فصل 15,0.09%
آلمان,فصل 24,0.09%
سویس,فصل 30,0.09%
ترکیه,فصل 40,0.09%
ترکیه,فصل 54,0.08%
پاکستان,فصل 12,0.08%
ترکیه,فصل 52,0.08%
کره (جنوبی),فصل 84,0.08%
امارات متحده عربی,فصل 31,0.08%
امارات متحده عربی,فصل 80,0.08%
امارات متحده عربی,فصل 52,0.08%
مالزی,فصل 98,0.08%
چین,فصل 31,0.08%
چین,فصل 82,0.08%
ایتالیا,فصل 90,0.08%
هند,فصل 90,0.08%
اتریش,فصل 90,0.08%
امارات متحده عربی,فصل 04,0.08%
چین,فصل 83,0.08%
امارات متحده عربی,فصل 24,0.08%
فدراسیون روسیه,فصل 52,0.08%
ترکیه,فصل 12,0.08%
هنگ کنگ,فصل 98,0.08%
اتریش,فصل 84,0.07%
چین,فصل 35,0.07%
کره (جنوبی),فصل 52,0.07%
امارات متحده عربی,فصل 82,0.07%
عراق,فصل 85,0.07%
بلاروس,فصل 55,0.07%
چین,فصل 59,0.07%
امارات متحده عربی,فصل 34,0.07%
ترکیه,فصل 34,0.07%
چین,فصل 34,0.07%
اسپانیا,فصل 30,0.06%
هنگ کنگ,فصل 48,0.06%
امارات متحده عربی,فصل 26,0.06%
ترکیه,فصل 31,0.06%
مناطق آزاد,فصل 27,0.06%
ویتنام,فصل 09,0.06%
گرجستان,فصل 02,0.06%
چین,فصل 74,0.06%
هند,فصل 07,0.06%
عمان,فصل 27,0.06%
فدراسیون روسیه,فصل 07,0.06%
هنگ کنگ,فصل 29,0.06%
کره (جنوبی),فصل 72,0.06%
سویس,فصل 12,0.06%
هنگ کنگ,فصل 39,0.06%
سوئد,فصل 90,0.06%
فدراسیون روسیه,فصل 56,0.06%
هند,فصل 24,0.06%
هند,فصل 72,0.05%
سایر کشورهای خارجی,فصل 84,0.05%
آلمان,فصل 18,0.05%
کره (جنوبی),فصل 87,0.05%
مناطق آزاد,فصل 09,0.05%
بلژیک,فصل 04,0.05%
بنگلادش,فصل 53,0.05%
اسپانیا,فصل 31,0.05%
امارات متحده عربی,فصل 94,0.05%
هند,فصل 38,0.05%
ازبکستان,فصل 52,0.05%
ترکیه,فصل 73,0.05%
امارات متحده عربی,فصل 13,0.05%
ترکیه,فصل 98,0.05%
چین,فصل 95,0.05%
عمان,فصل 15,0.05%
امارات متحده عربی,فصل 25,0.05%
افغانستان,فصل 08,0.05%
ژاپن,فصل 55,0.04%
اسلواکی,فصل 87,0.04%
عراق,فصل 40,0.04%
سویس,فصل 84,0.04%
فرانسه,فصل 30,0.04%
آلمان,فصل 32,0.04%
امارات متحده عربی,فصل 20,0.04%
ترکیه,فصل 86,0.04%
ترکیه,فصل 04,0.04%
ترکیه,فصل 21,0.04%
عراق,فصل 27,0.04%
چین,فصل 96,0.04%
ایالات متحده,فصل 38,0.04%
انگلستان (بریتانیا),فصل 84,0.04%
آلمان,فصل 33,0.04%
عراق,فصل 47,0.04%
امارات متحده عربی,فصل 54,0.04%
ژاپن,فصل 40,0.04%
فدراسیون روسیه,فصل 72,0.04%
ژاپن,فصل 90,0.04%
اندونزی,فصل 44,0.04%
اسپانیا,فصل 84,0.04%
اندونزی,فصل 09,0.04%
اتریش,فصل 04,0.04%
هند,فصل 84,0.04%
اندونزی,فصل 38,0.04%
هند,فصل 27,0.03%
مغولستان,فصل 02,0.03%
ارمنستان,فصل 87,0.03%
افغانستان,فصل 52,0.03%
تایلند,فصل 40,0.03%
سری لانکا,فصل 09,0.03%
فرانسه,فصل 90,0.03%
پاکستان,فصل 01,0.03%
ایرلند,فصل 90,0.03%
هنگ کنگ,فصل 71,0.03%
کره (جنوبی),فصل 38,0.03%
مالزی,فصل 39,0.03%
چین,فصل 25,0.03%
انگلستان (بریتانیا),فصل 38,0.03%
فدراسیون روسیه,فصل 48,0.03%
امارات متحده عربی,فصل 03,0.03%
پرتغال,فصل 90,0.03%
امارات متحده عربی,فصل 35,0.03%
افغانستان,فصل 12,0.03%
استرالیا,فصل 02,0.03%
ازبکستان,فصل 07,0.03%
ارمنستان,فصل 44,0.03%
امارات متحده عربی,فصل 70,0.03%
اسپانیا,فصل 29,0.03%
جمهوری آذربایجان,فصل 84,0.03%
چین,فصل 60,0.03%
ترکیه,فصل 83,0.03%
قطر,فصل 39,0.03%
بلژیک,فصل 84,0.03%
عمان,فصل 85,0.03%
بلغارستان,فصل 90,0.03%
امارات متحده عربی,فصل 37,0.03%
آلمان,فصل 68,0.03%
فرانسه,فصل 29,0.03%
آلمان,فصل 39,0.03%
چین,فصل 44,0.03%
آلمان,فصل 29,0.03%
کویت,فصل 40,0.03%
عمان,فصل 87,0.03%
عراق,فصل 78,0.03%
لوکزامبورگ,فصل 29,0.03%
مالزی,فصل 15,0.03%
امارات متحده عربی,فصل 91,0.03%
چین,فصل 30,0.03%
ژاپن,فصل 87,0.03%
ترکیه,فصل 27,0.03%
انگلستان (بریتانیا),فصل 40,0.03%
تایوان,فصل 84,0.03%
امارات متحده عربی,فصل 75,0.03%
هنگ کنگ,فصل 47,0.02%
ایالات متحده,فصل 90,0.02%
سویس,فصل 56,0.02%
ویتنام,فصل 08,0.02%
هنگ کنگ,فصل 28,0.02%
استرالیا,فصل 12,0.02%
هند,فصل 39,0.02%
چین,فصل 56,0.02%
امارات متحده عربی,فصل 59,0.02%
هند,فصل 87,0.02%
استرالیا,فصل 84,0.02%
آلمان,فصل 55,0.02%
ترکیه,فصل 75,0.02%
ترکیه,فصل 19,0.02%
ایرلند,فصل 30,0.02%
هلند,فصل 38,0.02%
ترکیه,فصل 37,0.02%
ترکیه,فصل 26,0.02%
تایوان,فصل 72,0.02%
ترکیه,فصل 56,0.02%
هلند,فصل 12,0.02%
استرالیا,فصل 90,0.02%
ایتالیا,فصل 85,0.02%
گرجستان,فصل 87,0.02%
آلمان,فصل 04,0.02%
چین,فصل 09,0.02%
عمان,فصل 39,0.02%
تایلند,فصل 98,0.02%
هنگ کنگ,فصل 72,0.02%
هند,فصل 40,0.02%
امارات متحده عربی,فصل 69,0.02%
ترکمنستان,فصل 27,0.02%
ترکیه,فصل 59,0.02%
ترکیه,فصل 25,0.02%
سویس,فصل 29,0.02%
هند,فصل 32,0.02%
ایالات متحده,فصل 29,0.02%
ژاپن,فصل 38,0.02%
تایلند,فصل 44,0.02%
اندونزی,فصل 87,0.02%
اندونزی,فصل 08,0.02%
قرقیزستان,فصل 07,0.02%
عمان,فصل 32,0.02%
امارات متحده عربی,فصل 11,0.02%
هنگ کنگ,فصل 90,0.02%
ایتالیا,فصل 35,0.02%
مالزی,فصل 29,0.02%
آلمان,فصل 31,0.02%
امارات متحده عربی,فصل 86,0.02%
سنگاپور,فصل 40,0.02%
سنگاپور,فصل 39,0.02%
فدراسیون روسیه,فصل 31,0.02%
کره (جنوبی),فصل 30,0.02%
ترکیه,فصل 70,0.02%
تایلند,فصل 90,0.02%
تایوان,فصل 38,0.02%
چین,فصل 58,0.02%
عمان,فصل 72,0.02%
کره (جنوبی),فصل 29,0.02%
عمان,فصل 23,0.02%
هند,فصل 28,0.02%
چین,فصل 15,0.02%
فدراسیون روسیه,فصل 29,0.02%
تایوان,فصل 39,0.02%
ایرلند,فصل 28,0.02%
تاجیکستان,فصل 10,0.02%
غنا,فصل 03,0.01%
هلند,فصل 30,0.01%
چین,فصل 37,0.01%
اسپانیا,فصل 48,0.01%
فرانسه,فصل 23,0.01%
ترکمنستان,فصل 52,0.01%
ترکیه,فصل 94,0.01%
ایتالیا,فصل 34,0.01%
انگلستان (بریتانیا),فصل 90,0.01%
ترکیه,فصل 13,0.01%
امارات متحده عربی,فصل 68,0.01%
اسپانیا,فصل 33,0.01%
یونان,فصل 07,0.01%
ترکیه,فصل 68,0.01%
انگلستان (بریتانیا),فصل 21,0.01%
برزیل,فصل 02,0.01%
اسپانیا,فصل 12,0.01%
آلمان,فصل 15,0.01%
گرجستان,فصل 35,0.01%
امارات متحده عربی,فصل 78,0.01%
اتریش,فصل 87,0.01%
افغانستان,فصل 07,0.01%
هند,فصل 54,0.01%
فدراسیون روسیه,فصل 28,0.01%
انگلستان (بریتانیا),فصل 78,0.01%
هنگ کنگ,فصل 38,0.01%
تایلند,فصل 20,0.01%
آلمان,فصل 52,0.01%
هند,فصل 85,0.01%
ایرلند,فصل 29,0.01%
ارمنستان,فصل 02,0.01%
سنگاپور,فصل 84,0.01%
فرانسه,فصل 31,0.01%
مناطق آزاد,فصل 79,0.01%
اتریش,فصل 68,0.01%
دانمارک,فصل 84,0.01%
امارات متحده عربی,فصل 95,0.01%
آلمان,فصل 13,0.01%
پرتغال,فصل 17,0.01%
چین,فصل 52,0.01%
ترکیه,فصل 76,0.01%
مالزی,فصل 48,0.01%
هند,فصل 12,0.01%
هلند,فصل 17,0.01%
لبنان,فصل 18,0.01%
هلند,فصل 06,0.01%
گرجستان,فصل 54,0.01%
چین,فصل 75,0.01%
اسپانیا,فصل 39,0.01%
عمان,فصل 75,0.01%
بنگلادش,فصل 24,0.01%
مناطق آزاد,فصل 84,0.01%
یونان,فصل 31,0.01%
امارات متحده عربی,فصل 96,0.01%
ارمنستان,فصل 74,0.01%
چین,فصل 13,0.01%
فرانسه,فصل 33,0.01%
ژاپن,فصل 37,0.01%
مالاوی,فصل 24,0.01%
آلمان,فصل 48,0.01%
اندونزی,فصل 98,0.01%
اتریش,فصل 85,0.01%
بلژیک,فصل 30,0.01%
هنگ کنگ,فصل 32,0.01%
پاکستان,فصل 31,0.01%
کانادا,فصل 29,0.01%
اتریش,فصل 13,0.01%
استرالیا,فصل 29,0.01%
زیمبابوه,فصل 24,0.01%
فدراسیون روسیه,فصل 02,0.01%
کره (جنوبی),فصل 48,0.01%
انگلستان (بریتانیا),فصل 85,0.01%
انگلستان (بریتانیا),فصل 32,0.01%
اسپانیا,فصل 32,0.01%
عمان,فصل 38,0.01%
بلژیک,فصل 38,0.01%
هنگ کنگ,فصل 87,0.01%
لوکزامبورگ,فصل 32,0.01%
هنگ کنگ,فصل 18,0.01%
عمان,فصل 35,0.01%
تایلند,فصل 07,0.01%
کره (جنوبی),فصل 33,0.01%
تایوان,فصل 06,0.01%
اسپانیا,فصل 87,0.01%
امارات متحده عربی,فصل 58,0.01%
مناطق ویژه,فصل 84,0.01%
اسپانیا,فصل 72,0.01%
سویس,فصل 39,0.01%
ایرلند,فصل 15,0.01%
جمهوری چک,فصل 84,0.01%
ترکیه,فصل 58,0.01%
ایتالیا,فصل 69,0.01%
ترکیه,فصل 96,0.01%
اسپانیا,فصل 23,0.01%
گرجستان,فصل 30,0.01%
ازبکستان,فصل 38,0.01%
سویس,فصل 35,0.01%
تایوان,فصل 85,0.01%
امارات متحده عربی,فصل 56,0.01%
هلند,فصل 85,0.01%
عراق,فصل 73,0.01%
ایتالیا,فصل 33,0.01%
سویس,فصل 98,0.01%
ترکیه,فصل 74,0.01%
ازبکستان,فصل 31,0.01%
تایلند,فصل 85,0.01%
ایتالیا,فصل 32,0.01%
هند,فصل 13,0.01%
انگلستان (بریتانیا),فصل 30,0.01%
فرانسه,فصل 38,0.01%
فرانسه,فصل 18,0.01%
زامبیا,فصل 24,0.01%
مناطق آزاد,فصل 33,0.01%
ترکیه,فصل 82,0.01%
آلمان,فصل 82,0.01%
ایتالیا,فصل 21,0.01%
مالزی,فصل 76,0.01%
لهستان,فصل 21,0.01%
لوکزامبورگ,فصل 30,0.01%
آلمان,فصل 40,0.01%
آلمان,فصل 35,0.01%
هند,فصل 35,0.01%
لهستان,فصل 84,0.01%
ایتالیا,فصل 31,0.01%
آلمان,فصل 21,0.01%
امارات متحده عربی,فصل 74,0.01%
آلمان,فصل 51,0.01%
چین,فصل 21,0.01%
عمان,فصل 59,0.01%
اسپانیا,فصل 85,0.01%
فرانسه,فصل 39,0.01%
هلند,فصل 29,0.01%
هند,فصل 48,0.01%
سویس,فصل 24,0.01%
بلاروس,فصل 44,0.01%
اوگاندا,فصل 24,0.01%
کانادا,فصل 13,0.01%
هلند,فصل 39,0.01%
ترکیه,فصل 69,0.01%
اندونزی,فصل 48,0.01%
کره (جنوبی),فصل 73,0.01%
اسپانیا,فصل 03,0.01%
انگلستان (بریتانیا),فصل 73,0.01%
ایتالیا,فصل 27,0.01%
دانمارک,فصل 38,0.01%
اسپانیا,فصل 38,0.01%
تایوان,فصل 90,0.01%
کانادا,فصل 21,0.01%
مالزی,فصل 38,0.01%
چین,فصل 91,0.01%
آلمان,فصل 73,0.01%
قبرس,فصل 10,0.01%
گرجستان,فصل 84,0.01%
اوگاندا,فصل 09,0.01%
فدراسیون روسیه,فصل 40,0.01%
گرجستان,فصل 44,0.01%
تانزانیا,فصل 26,0.01%
چین,فصل 45,0.01%
هند,فصل 34,0.01%
بلغارستان,فصل 27,0.01%
مناطق آزاد,فصل 30,0.01%
آلمان,فصل 25,0.01%
هنگ کنگ,فصل 94,0.01%
جمهوری آذربایجان,فصل 85,0.01%
جمهوری آذربایجان,فصل 44,0.01%
اسپانیا,فصل 90,0.01%
فدراسیون روسیه,فصل 47,0.01%
ازبکستان,فصل 50,0.01%
عراق,فصل 82,0.01%
ایتالیا,فصل 38,0.01%
کره (جنوبی),فصل 82,0.01%
مالزی,فصل 28,0.01%
اتریش,فصل 21,0.01%
عراق,فصل 08,0.01%
چین,فصل 08,0.01%
ایتالیا,فصل 15,0.01%
چین,فصل 86,0.01%
چین,فصل 23,0.01%
عمان,فصل 91,0.01%
بلژیک,فصل 85,0.01%
ترکیه,فصل 81,0.01%
سویس,فصل 38,0.01%
پاکستان,فصل 35,0.01%
فدراسیون روسیه,فصل 24,0.01%
ترکیه,فصل 61,0.01%
مجارستان,فصل 90,0.01%
ایتالیا,فصل 72,0.01%
ترکیه,فصل 51,0.01%
سیشل,فصل 03,0.01%
آلمان,فصل 28,0.01%
اکوادور,فصل 08,0.01%
کره (جنوبی),فصل 40,0.01%
ایتالیا,فصل 39,0.01%
اتریش,فصل 72,0.01%
لهستان,فصل 24,0.01%
ترکیه,فصل 80,0.01%
اندونزی,فصل 15,0.01%
بلژیک,فصل 39,0.01%
کره (جنوبی),فصل 28,0.01%
اسلوونی,فصل 90,0.01%
دانمارک,فصل 35,0.01%
سوئد,فصل 87,0.00%
انگلستان (بریتانیا),فصل 31,0.00%
تاجیکستان,فصل 07,0.00%
هند,فصل 21,0.00%
عمان,فصل 33,0.00%
چین,فصل 33,0.00%
اسلواکی,فصل 39,0.00%
چین,فصل 71,0.00%
لهستان,فصل 29,0.00%
سنگاپور,فصل 32,0.00%
جمهوری چک,فصل 85,0.00%
سری لانکا,فصل 14,0.00%
اسلواکی,فصل 84,0.00%
پرتغال,فصل 48,0.00%
سنگاپور,فصل 29,0.00%
اتریش,فصل 48,0.00%
اندونزی,فصل 21,0.00%
برزیل,فصل 35,0.00%
هلند,فصل 07,0.00%
چین,فصل 26,0.00%
آلمان,فصل 74,0.00%
سویس,فصل 72,0.00%
هلند,فصل 21,0.00%
هلند,فصل 87,0.00%
فدراسیون روسیه,فصل 30,0.00%
ویتنام,فصل 84,0.00%
سوئد,فصل 85,0.00%
هلند,فصل 84,0.00%
استرالیا,فصل 85,0.00%
عمان,فصل 90,0.00%
لوکزامبورگ,فصل 35,0.00%
آلمان,فصل 54,0.00%
عمان,فصل 28,0.00%
مکزیک,فصل 31,0.00%
تایوان,فصل 48,0.00%
هلند,فصل 05,0.00%
جمهوری آذربایجان,فصل 02,0.00%
عراق,فصل 28,0.00%
ازبکستان,فصل 08,0.00%
کره (جنوبی),فصل 31,0.00%
لبنان,فصل 12,0.00%
استونی,فصل 30,0.00%
استرالیا,فصل 35,0.00%
کره (جنوبی),فصل 32,0.00%
لوکزامبورگ,فصل 21,0.00%
پرتغال,فصل 84,0.00%
ایتالیا,فصل 09,0.00%
عمان,فصل 40,0.00%
آلمان,فصل 44,0.00%
عمان,فصل 69,0.00%
فدراسیون روسیه,فصل 12,0.00%
هند,فصل 20,0.00%
فرانسه,فصل 84,0.00%
ایتالیا,فصل 29,0.00%
آلمان,فصل 71,0.00%
هلند,فصل 32,0.00%
گرجستان,فصل 39,0.00%
چین,فصل 17,0.00%
ترکیه,فصل 60,0.00%
ژاپن,فصل 30,0.00%
هند,فصل 25,0.00%
امارات متحده عربی,فصل 92,0.00%
اردن,فصل 12,0.00%
اسپانیا,فصل 28,0.00%
بلغارستان,فصل 84,0.00%
رومانی,فصل 82,0.00%
سویس,فصل 19,0.00%
عمان,فصل 73,0.00%
آلمان,فصل 34,0.00%
تایوان,فصل 35,0.00%
تایلند,فصل 84,0.00%
سری لانکا,فصل 08,0.00%
مناطق آزاد,فصل 39,0.00%
اندونزی,فصل 40,0.00%
بلژیک,فصل 23,0.00%
هند,فصل 55,0.00%
آلمان,فصل 14,0.00%
اسپانیا,فصل 40,0.00%
عراق,فصل 30,0.00%
جمهوری چک,فصل 30,0.00%
ترکیه,فصل 20,0.00%
لهستان,فصل 48,0.00%
بوسنی و هرزگوین,فصل 44,0.00%
سوئد,فصل 30,0.00%
اسلوونی,فصل 84,0.00%
سویس,فصل 33,0.00%
لبنان,فصل 85,0.00%
انگلستان (بریتانیا),فصل 29,0.00%
مالزی,فصل 84,0.00%
تایوان,فصل 82,0.00%
تاجیکستان,فصل 02,0.00%
اسپانیا,فصل 35,0.00%
امارات متحده عربی,فصل 50,0.00%
مناطق آزاد,فصل 38,0.00%
هند,فصل 17,0.00%
پرتغال,فصل 39,0.00%
کره (جنوبی),فصل 27,0.00%
جمهوری چک,فصل 90,0.00%
رومانی,فصل 30,0.00%
تایوان,فصل 29,0.00%
کره (جنوبی),فصل 94,0.00%
ایتالیا,فصل 73,0.00%
عراق,فصل 83,0.00%
ایتالیا,فصل 08,0.00%
فدراسیون روسیه,فصل 32,0.00%
ایرلند,فصل 38,0.00%
اندونزی,فصل 29,0.00%
گرجستان,فصل 90,0.00%
گرجستان,فصل 85,0.00%
امارات متحده عربی,فصل 14,0.00%
هلند,فصل 73,0.00%
گرجستان,فصل 72,0.00%
عمان,فصل 83,0.00%
قطر,فصل 87,0.00%
هند,فصل 14,0.00%
ایتالیا,فصل 40,0.00%
زیمبابوه,فصل 39,0.00%
عراق,فصل 12,0.00%
کره (جنوبی),فصل 23,0.00%
رومانی,فصل 44,0.00%
هند,فصل 68,0.00%
رومانی,فصل 84,0.00%
عراق,فصل 70,0.00%
امارات متحده عربی,فصل 53,0.00%
اسلواکی,فصل 85,0.00%
فیلیپین,فصل 13,0.00%
کانادا,فصل 84,0.00%
دانمارک,فصل 32,0.00%
ارمنستان,فصل 38,0.00%
انگلستان (بریتانیا),فصل 39,0.00%
قطر,فصل 84,0.00%
جمهوری مقدونیه(یوگسلاوی),فصل 84,0.00%
مجارستان,فصل 85,0.00%
کانادا,فصل 72,0.00%
هنگ کنگ,فصل 27,0.00%
ترکیه,فصل 95,0.00%
ایتالیا,فصل 48,0.00%
سنگاپور,فصل 28,0.00%
استرالیا,فصل 07,0.00%
ویتنام,فصل 40,0.00%
اروگوئه,فصل 51,0.00%
جمهوری چک,فصل 38,0.00%
فرانسه,فصل 85,0.00%
اتریش,فصل 29,0.00%
لهستان,فصل 90,0.00%
هند,فصل 15,0.00%
کانادا,فصل 96,0.00%
هنگ کنگ,فصل 26,0.00%
فدراسیون روسیه,فصل 27,0.00%
پاکستان,فصل 38,0.00%
پرتغال,فصل 38,0.00%
ایتالیا,فصل 12,0.00%
سویس,فصل 71,0.00%
عراق,فصل 60,0.00%
هنگ کنگ,فصل 07,0.00%
قطر,فصل 85,0.00%
ارمنستان,فصل 56,0.00%
سویس,فصل 91,0.00%
ایتالیا,فصل 82,0.00%
اتریش,فصل 39,0.00%
آلمان,فصل 47,0.00%
بلژیک,فصل 33,0.00%
لهستان,فصل 12,0.00%
ترکیه,فصل 17,0.00%
اردن,فصل 38,0.00%
هند,فصل 23,0.00%
کنیا,فصل 08,0.00%
عمان,فصل 21,0.00%
اسلواکی,فصل 28,0.00%
ایالات متحده,فصل 21,0.00%
قزاقستان,فصل 52,0.00%
عمان,فصل 95,0.00%
کامبوج,فصل 18,0.00%
کویت,فصل 87,0.00%
هند,فصل 37,0.00%
فرانسه,فصل 13,0.00%
هلند,فصل 15,0.00%
مالزی,فصل 34,0.00%
ترکمنستان,فصل 08,0.00%
قزاقستان,فصل 23,0.00%
لیتوانی,فصل 90,0.00%
هلند,فصل 48,0.00%
قطر,فصل 48,0.00%
آلمان,فصل 69,0.00%
لهستان,فصل 40,0.00%
عراق,فصل 07,0.00%
مجارستان,فصل 12,0.00%
آلمان,فصل 72,0.00%
عراق,فصل 69,0.00%
بلژیک,فصل 70,0.00%
گرجستان,فصل 29,0.00%
هند,فصل 73,0.00%
ایتالیا,فصل 75,0.00%
برزیل,فصل 38,0.00%
چین,فصل 42,0.00%
اسلوونی,فصل 38,0.00%
اتریش,فصل 73,0.00%
هلند,فصل 35,0.00%
تایلند,فصل 29,0.00%
بلغارستان,فصل 39,0.00%
اتریش,فصل 34,0.00%
رومانی,فصل 85,0.00%
نروژ,فصل 03,0.00%
کانادا,فصل 38,0.00%
پاکستان,فصل 90,0.00%
هلند,فصل 23,0.00%
چین,فصل 92,0.00%
سوئد,فصل 84,0.00%
فرانسه,فصل 32,0.00%
افغانستان,فصل 09,0.00%
فدراسیون روسیه,فصل 09,0.00%
دانمارک,فصل 29,0.00%
عراق,فصل 34,0.00%
کره (جنوبی),فصل 96,0.00%
مالزی,فصل 87,0.00%
عمان,فصل 25,0.00%
اتریش,فصل 33,0.00%
سنگاپور,فصل 85,0.00%
هند,فصل 98,0.00%
اوکراین,فصل 18,0.00%
اردن,فصل 31,0.00%
استرالیا,فصل 68,0.00%
مالزی,فصل 32,0.00%
تایلند,فصل 55,0.00%
کانادا,فصل 23,0.00%
اسپانیا,فصل 21,0.00%
یونان,فصل 12,0.00%
تایلند,فصل 06,0.00%
عراق,فصل 90,0.00%
عراق,فصل 33,0.00%
ایتالیا,فصل 96,0.00%
مکزیک,فصل 28,0.00%
اتریش,فصل 32,0.00%
امارات متحده عربی,فصل 65,0.00%
سوازیلند,فصل 15,0.00%
امارات متحده عربی,فصل 41,0.00%
تایوان,فصل 98,0.00%
مجارستان,فصل 48,0.00%
ترکیه,فصل 09,0.00%
ترکیه,فصل 53,0.00%
هنگ کنگ,فصل 83,0.00%
اسپانیا,فصل 69,0.00%
تایوان,فصل 73,0.00%
فرانسه,فصل 21,0.00%
هنگ کنگ,فصل 54,0.00%
تایلند,فصل 35,0.00%
آلمان,فصل 70,0.00%
آلمان,فصل 17,0.00%
هنگ کنگ,فصل 58,0.00%
بلژیک,فصل 29,0.00%
مالزی,فصل 85,0.00%
آلمان,فصل 27,0.00%
قرقیزستان,فصل 52,0.00%
عراق,فصل 96,0.00%
مالزی,فصل 70,0.00%
افغانستان,فصل 25,0.00%
مجارستان,فصل 39,0.00%
ترکیه,فصل 01,0.00%
فدراسیون روسیه,فصل 25,0.00%
هلند,فصل 94,0.00%
فرانسه,فصل 34,0.00%
ازبکستان,فصل 25,0.00%
مالزی,فصل 37,0.00%
هنگ کنگ,فصل 59,0.00%
بلاروس,فصل 85,0.00%
بلغارستان,فصل 31,0.00%
مالزی,فصل 69,0.00%
ترکیه,فصل 45,0.00%
لهستان,فصل 32,0.00%
هنگ کنگ,فصل 69,0.00%
مصر,فصل 84,0.00%
آلمان,فصل 86,0.00%
دانمارک,فصل 34,0.00%
ایتالیا,فصل 28,0.00%
انگلستان (بریتانیا),فصل 49,0.00%
امارات متحده عربی,فصل 45,0.00%
یونان,فصل 96,0.00%
هنگ کنگ,فصل 40,0.00%
تایلند,فصل 82,0.00%
تایوان,فصل 32,0.00%
لهستان,فصل 37,0.00%
سویس,فصل 75,0.00%
نروژ,فصل 83,0.00%
دانمارک,فصل 03,0.00%
آلمان,فصل 07,0.00%
چین,فصل 49,0.00%
یونان,فصل 84,0.00%
آلمان,فصل 75,0.00%
ارمنستان,فصل 27,0.00%
جمهوری آذربایجان,فصل 41,0.00%
بلژیک,فصل 13,0.00%
آلمان,فصل 59,0.00%
سویس,فصل 20,0.00%
اسلوونی,فصل 39,0.00%
لهستان,فصل 85,0.00%
ژاپن,فصل 85,0.00%
هنگ کنگ,فصل 68,0.00%
هنگ کنگ,فصل 82,0.00%
سیشل,فصل 85,0.00%
ترکمنستان,فصل 31,0.00%
مناطق آزاد,فصل 85,0.00%
کانادا,فصل 07,0.00%
فرانسه,فصل 48,0.00%
جمهوری چک,فصل 32,0.00%
فدراسیون روسیه,فصل 73,0.00%
اتریش,فصل 76,0.00%
بلژیک,فصل 75,0.00%
لهستان,فصل 73,0.00%
آلمان,فصل 83,0.00%
هند,فصل 76,0.00%
یونان,فصل 98,0.00%
تایلند,فصل 56,0.00%
ایتالیا,فصل 56,0.00%
تایلند,فصل 08,0.00%
چین,فصل 57,0.00%
هند,فصل 52,0.00%
بلغارستان,فصل 01,0.00%
ترکیه,فصل 49,0.00%
عمان,فصل 34,0.00%
ویتنام,فصل 85,0.00%
کنیا,فصل 09,0.00%
رومانی,فصل 98,0.00%
چین,فصل 06,0.00%
هند,فصل 33,0.00%
ترکیه,فصل 41,0.00%
فرانسه,فصل 59,0.00%
عمان,فصل 96,0.00%
یونان,فصل 85,0.00%
پاکستان,فصل 28,0.00%
ترکیه,فصل 78,0.00%
تایوان,فصل 87,0.00%
چین,فصل 62,0.00%
کره (جنوبی),فصل 34,0.00%
بلغارستان,فصل 72,0.00%
مالزی,فصل 47,0.00%
ترکیه,فصل 64,0.00%
نروژ,فصل 84,0.00%
اوکراین,فصل 84,0.00%
ایتالیا,فصل 74,0.00%
ترکیه,فصل 79,0.00%
فدراسیون روسیه,فصل 35,0.00%
مراکش,فصل 68,0.00%
ترکیه,فصل 11,0.00%
بلژیک,فصل 21,0.00%
اتریش,فصل 25,0.00%
رومانی,فصل 73,0.00%
لیتوانی,فصل 27,0.00%
انگلستان (بریتانیا),فصل 69,0.00%
لهستان,فصل 35,0.00%
فرانسه,فصل 28,0.00%
عمان,فصل 48,0.00%
عمان,فصل 74,0.00%
هند,فصل 96,0.00%
چین,فصل 65,0.00%
هنگ کنگ,فصل 73,0.00%
مناطق آزاد,فصل 90,0.00%
ایتالیا,فصل 44,0.00%
هند,فصل 74,0.00%
سوئد,فصل 73,0.00%
بلاروس,فصل 38,0.00%
قزاقستان,فصل 07,0.00%
عراق,فصل 58,0.00%
اسپانیا,فصل 34,0.00%
مالزی,فصل 13,0.00%
بلژیک,فصل 35,0.00%
دانمارک,فصل 90,0.00%
فرانسه,فصل 96,0.00%
کره (جنوبی),فصل 98,0.00%
آلمان,فصل 20,0.00%
کانادا,فصل 85,0.00%
اتریش,فصل 38,0.00%
پرتغال,فصل 85,0.00%
هنگ کنگ,فصل 56,0.00%
تایلند,فصل 87,0.00%
چین,فصل 63,0.00%
انگلستان (بریتانیا),فصل 28,0.00%
انگلستان (بریتانیا),فصل 35,0.00%
اسپانیا,فصل 83,0.00%
هند,فصل 45,0.00%
اردن,فصل 90,0.00%
جمهوری چک,فصل 73,0.00%
هلند,فصل 33,0.00%
ایتالیا,فصل 68,0.00%
یونان,فصل 25,0.00%
پرتغال,فصل 40,0.00%
لهستان,فصل 34,0.00%
جمهوری چک,فصل 40,0.00%
تایلند,فصل 32,0.00%
لهستان,فصل 28,0.00%
جمهوری چک,فصل 39,0.00%
مناطق آزاد,فصل 96,0.00%
ارمنستان,فصل 90,0.00%
قبرس,فصل 85,0.00%
ارمنستان,فصل 25,0.00%
لوکزامبورگ,فصل 17,0.00%
فرانسه,فصل 73,0.00%
سویس,فصل 48,0.00%
اندونزی,فصل 03,0.00%
هلند,فصل 34,0.00%
مجارستان,فصل 84,0.00%
بلغارستان,فصل 95,0.00%
ارمنستان,فصل 34,0.00%
اسپانیا,فصل 59,0.00%
افغانستان,فصل 84,0.00%
عمان,فصل 82,0.00%
عمان,فصل 17,0.00%
آلمان,فصل 76,0.00%
اسپانیا,فصل 82,0.00%
عراق,فصل 63,0.00%
فرانسه,فصل 35,0.00%
مالزی,فصل 90,0.00%
چین,فصل 64,0.00%
بلغارستان,فصل 38,0.00%
سوئد,فصل 28,0.00%
تایلند,فصل 73,0.00%
هند,فصل 82,0.00%
سویس,فصل 81,0.00%
ایتالیا,فصل 70,0.00%
فرانسه,فصل 15,0.00%
ایتالیا,فصل 76,0.00%
مناطق ویژه,فصل 59,0.00%
هلند,فصل 40,0.00%
مناطق آزاد,فصل 83,0.00%
کره (جنوبی),فصل 74,0.00%
کوبا,فصل 30,0.00%
عراق,فصل 39,0.00%
ایتالیا,فصل 59,0.00%
فرانسه,فصل 60,0.00%
مالزی,فصل 73,0.00%
کره (جنوبی),فصل 35,0.00%
تایلند,فصل 03,0.00%
ژاپن,فصل 94,0.00%
هلند,فصل 37,0.00%
هنگ کنگ,فصل 34,0.00%
تایلند,فصل 74,0.00%
سنگاپور,فصل 73,0.00%
کویت,فصل 94,0.00%
افغانستان,فصل 20,0.00%
تایوان,فصل 94,0.00%
استونی,فصل 38,0.00%
عمان,فصل 94,0.00%
ایتالیا,فصل 94,0.00%
امارات متحده عربی,فصل 81,0.00%
مالزی,فصل 83,0.00%
لیتوانی,فصل 70,0.00%
سویس,فصل 74,0.00%
انگلستان (بریتانیا),فصل 25,0.00%
فرانسه,فصل 12,0.00%
اندونزی,فصل 85,0.00%
اسپانیا,فصل 15,0.00%
ایتالیا,فصل 45,0.00%
بلغارستان,فصل 65,0.00%
اسپانیا,فصل 13,0.00%
بلغارستان,فصل 29,0.00%
هلند,فصل 27,0.00%
فرانسه,فصل 68,0.00%
اتریش,فصل 02,0.00%
اتریش,فصل 10,0.00%
اتریش,فصل 11,0.00%
اتریش,فصل 15,0.00%
اتریش,فصل 20,0.00%
اتریش,فصل 23,0.00%
اتریش,فصل 27,0.00%
اتریش,فصل 28,0.00%
اتریش,فصل 35,0.00%
اتریش,فصل 40,0.00%
اتریش,فصل 44,0.00%
اتریش,فصل 59,0.00%
اتریش,فصل 69,0.00%
اتریش,فصل 70,0.00%
اتریش,فصل 75,0.00%
اتریش,فصل 82,0.00%
اتریش,فصل 83,0.00%
اتریش,فصل 94,0.00%
اتیوپی,فصل 07,0.00%
اتیوپی,فصل 09,0.00%
اتیوپی,فصل 12,0.00%
اتیوپی,فصل 34,0.00%
اردن,فصل 06,0.00%
اردن,فصل 15,0.00%
اردن,فصل 28,0.00%
اردن,فصل 30,0.00%
آرژانتین,فصل 12,0.00%
آرژانتین,فصل 24,0.00%
آرژانتین,فصل 28,0.00%
آرژانتین,فصل 38,0.00%
آرژانتین,فصل 40,0.00%
آرژانتین,فصل 84,0.00%
آرژانتین,فصل 85,0.00%
آرژانتین,فصل 87,0.00%
آرژانتین,فصل 90,0.00%
ارمنستان,فصل 13,0.00%
ارمنستان,فصل 26,0.00%
ارمنستان,فصل 32,0.00%
ارمنستان,فصل 35,0.00%
ارمنستان,فصل 39,0.00%
ارمنستان,فصل 48,0.00%
ارمنستان,فصل 59,0.00%
ارمنستان,فصل 70,0.00%
ارمنستان,فصل 71,0.00%
ارمنستان,فصل 73,0.00%
ارمنستان,فصل 82,0.00%
ارمنستان,فصل 84,0.00%
ارمنستان,فصل 85,0.00%
ارمنستان,فصل 86,0.00%
ازبکستان,فصل 12,0.00%
ازبکستان,فصل 28,0.00%
ازبکستان,فصل 32,0.00%
ازبکستان,فصل 48,0.00%
ازبکستان,فصل 56,0.00%
ازبکستان,فصل 72,0.00%
ازبکستان,فصل 73,0.00%
ازبکستان,فصل 84,0.00%
ازبکستان,فصل 85,0.00%
اسپانیا,فصل 05,0.00%
اسپانیا,فصل 10,0.00%
اسپانیا,فصل 17,0.00%
اسپانیا,فصل 20,0.00%
اسپانیا,فصل 25,0.00%
اسپانیا,فصل 26,0.00%
اسپانیا,فصل 27,0.00%
اسپانیا,فصل 68,0.00%
اسپانیا,فصل 70,0.00%
اسپانیا,فصل 73,0.00%
اسپانیا,فصل 76,0.00%
اسپانیا,فصل 94,0.00%
اسپانیا,فصل 96,0.00%
اسپانیا,فصل 98,0.00%
استرالیا,فصل 03,0.00%
استرالیا,فصل 09,0.00%
استرالیا,فصل 27,0.00%
استرالیا,فصل 30,0.00%
استرالیا,فصل 31,0.00%
استرالیا,فصل 38,0.00%
استونی,فصل 27,0.00%
استونی,فصل 29,0.00%
استونی,فصل 85,0.00%
اسلواکی,فصل 10,0.00%
اسلواکی,فصل 13,0.00%
اسلواکی,فصل 29,0.00%
اسلواکی,فصل 34,0.00%
اسلواکی,فصل 37,0.00%
اسلواکی,فصل 38,0.00%
اسلواکی,فصل 40,0.00%
اسلواکی,فصل 56,0.00%
اسلواکی,فصل 68,0.00%
اسلواکی,فصل 73,0.00%
اسلواکی,فصل 83,0.00%
اسلواکی,فصل 90,0.00%
اسلواکی,فصل 98,0.00%
اسلوونی,فصل 21,0.00%
اسلوونی,فصل 24,0.00%
اسلوونی,فصل 27,0.00%
اسلوونی,فصل 29,0.00%
اسلوونی,فصل 30,0.00%
اسلوونی,فصل 32,0.00%
اسلوونی,فصل 35,0.00%
اسلوونی,فصل 40,0.00%
اسلوونی,فصل 48,0.00%
اسلوونی,فصل 68,0.00%
اسلوونی,فصل 72,0.00%
اسلوونی,فصل 73,0.00%
اسلوونی,فصل 85,0.00%
آفریقای جنوبی,فصل 13,0.00%
آفریقای جنوبی,فصل 25,0.00%
آفریقای جنوبی,فصل 26,0.00%
آفریقای جنوبی,فصل 29,0.00%
آفریقای جنوبی,فصل 31,0.00%
آفریقای جنوبی,فصل 34,0.00%
آفریقای جنوبی,فصل 39,0.00%
آفریقای جنوبی,فصل 40,0.00%
آفریقای جنوبی,فصل 72,0.00%
آفریقای جنوبی,فصل 84,0.00%
آفریقای جنوبی,فصل 90,0.00%
افغانستان,فصل 01,0.00%
افغانستان,فصل 10,0.00%
افغانستان,فصل 15,0.00%
افغانستان,فصل 24,0.00%
افغانستان,فصل 26,0.00%
افغانستان,فصل 29,0.00%
افغانستان,فصل 35,0.00%
افغانستان,فصل 39,0.00%
افغانستان,فصل 50,0.00%
افغانستان,فصل 54,0.00%
افغانستان,فصل 55,0.00%
افغانستان,فصل 71,0.00%
افغانستان,فصل 73,0.00%
افغانستان,فصل 85,0.00%
اکوادور,فصل 21,0.00%
آلمان,فصل 01,0.00%
آلمان,فصل 05,0.00%
آلمان,فصل 08,0.00%
آلمان,فصل 11,0.00%
آلمان,فصل 12,0.00%
آلمان,فصل 19,0.00%
آلمان,فصل 23,0.00%
آلمان,فصل 26,0.00%
آلمان,فصل 37,0.00%
آلمان,فصل 56,0.00%
آلمان,فصل 62,0.00%
آلمان,فصل 80,0.00%
آلمان,فصل 81,0.00%
آلمان,فصل 91,0.00%
آلمان,فصل 94,0.00%
آلمان,فصل 96,0.00%
آلمان,فصل 98,0.00%
امارات متحده عربی,فصل 06,0.00%
امارات متحده عربی,فصل 19,0.00%
امارات متحده عربی,فصل 22,0.00%
امارات متحده عربی,فصل 42,0.00%
امارات متحده عربی,فصل 49,0.00%
امارات متحده عربی,فصل 51,0.00%
امارات متحده عربی,فصل 60,0.00%
امارات متحده عربی,فصل 61,0.00%
امارات متحده عربی,فصل 62,0.00%
امارات متحده عربی,فصل 64,0.00%
امارات متحده عربی,فصل 79,0.00%
امارات متحده عربی,فصل 89,0.00%
اندونزی,فصل 25,0.00%
اندونزی,فصل 27,0.00%
اندونزی,فصل 31,0.00%
اندونزی,فصل 32,0.00%
اندونزی,فصل 34,0.00%
اندونزی,فصل 35,0.00%
اندونزی,فصل 39,0.00%
اندونزی,فصل 47,0.00%
اندونزی,فصل 52,0.00%
اندونزی,فصل 55,0.00%
اندونزی,فصل 68,0.00%
اندونزی,فصل 70,0.00%
اندونزی,فصل 73,0.00%
اندونزی,فصل 76,0.00%
اندونزی,فصل 82,0.00%
اندونزی,فصل 83,0.00%
اندونزی,فصل 84,0.00%
اندونزی,فصل 90,0.00%
اندونزی,فصل 95,0.00%
انگلستان (بریتانیا),فصل 01,0.00%
انگلستان (بریتانیا),فصل 05,0.00%
انگلستان (بریتانیا),فصل 12,0.00%
انگلستان (بریتانیا),فصل 13,0.00%
انگلستان (بریتانیا),فصل 15,0.00%
انگلستان (بریتانیا),فصل 17,0.00%
انگلستان (بریتانیا),فصل 19,0.00%
انگلستان (بریتانیا),فصل 23,0.00%
انگلستان (بریتانیا),فصل 26,0.00%
انگلستان (بریتانیا),فصل 27,0.00%
انگلستان (بریتانیا),فصل 33,0.00%
انگلستان (بریتانیا),فصل 34,0.00%
انگلستان (بریتانیا),فصل 45,0.00%
انگلستان (بریتانیا),فصل 47,0.00%
انگلستان (بریتانیا),فصل 48,0.00%
انگلستان (بریتانیا),فصل 56,0.00%
انگلستان (بریتانیا),فصل 68,0.00%
انگلستان (بریتانیا),فصل 70,0.00%
انگلستان (بریتانیا),فصل 76,0.00%
انگلستان (بریتانیا),فصل 82,0.00%
انگلستان (بریتانیا),فصل 86,0.00%
انگلستان (بریتانیا),فصل 87,0.00%
انگلستان (بریتانیا),فصل 98,0.00%
اوکراین,فصل 10,0.00%
اوکراین,فصل 30,0.00%
ایالات متحده,فصل 05,0.00%
ایالات متحده,فصل 12,0.00%
ایالات متحده,فصل 13,0.00%
ایالات متحده,فصل 20,0.00%
ایالات متحده,فصل 28,0.00%
ایالات متحده,فصل 34,0.00%
ایالات متحده,فصل 39,0.00%
ایالات متحده,فصل 40,0.00%
ایالات متحده,فصل 84,0.00%
ایالات متحده,فصل 85,0.00%
ایتالیا,فصل 03,0.00%
ایتالیا,فصل 04,0.00%
ایتالیا,فصل 05,0.00%
ایتالیا,فصل 07,0.00%
ایتالیا,فصل 10,0.00%
ایتالیا,فصل 13,0.00%
ایتالیا,فصل 20,0.00%
ایتالیا,فصل 23,0.00%
ایتالیا,فصل 25,0.00%
ایتالیا,فصل 26,0.00%
ایتالیا,فصل 37,0.00%
ایتالیا,فصل 47,0.00%
ایتالیا,فصل 49,0.00%
ایتالیا,فصل 51,0.00%
ایتالیا,فصل 52,0.00%
ایتالیا,فصل 54,0.00%
ایتالیا,فصل 58,0.00%
ایتالیا,فصل 62,0.00%
ایتالیا,فصل 65,0.00%
ایتالیا,فصل 83,0.00%
ایتالیا,فصل 86,0.00%
ایتالیا,فصل 91,0.00%
ایتالیا,فصل 95,0.00%
ایتالیا,فصل 98,0.00%
ایرلند,فصل 05,0.00%
ایرلند,فصل 23,0.00%
ایرلند,فصل 27,0.00%
ایرلند,فصل 31,0.00%
ایرلند,فصل 32,0.00%
ایرلند,فصل 34,0.00%
ایرلند,فصل 39,0.00%
ایرلند,فصل 40,0.00%
ایرلند,فصل 48,0.00%
ایرلند,فصل 49,0.00%
ایرلند,فصل 68,0.00%
ایرلند,فصل 70,0.00%
ایرلند,فصل 84,0.00%
ایسلند,فصل 23,0.00%
بحرین,فصل 38,0.00%
بحرین,فصل 90,0.00%
برزیل,فصل 07,0.00%
برزیل,فصل 09,0.00%
برزیل,فصل 10,0.00%
برزیل,فصل 12,0.00%
برزیل,فصل 17,0.00%
برزیل,فصل 18,0.00%
برزیل,فصل 21,0.00%
برزیل,فصل 23,0.00%
برزیل,فصل 24,0.00%
برزیل,فصل 26,0.00%
برزیل,فصل 30,0.00%
برزیل,فصل 40,0.00%
برزیل,فصل 72,0.00%
برزیل,فصل 73,0.00%
برزیل,فصل 82,0.00%
برزیل,فصل 84,0.00%
برزیل,فصل 87,0.00%
برزیل,فصل 90,0.00%
بلاروس,فصل 30,0.00%
بلاروس,فصل 31,0.00%
بلاروس,فصل 47,0.00%
بلاروس,فصل 70,0.00%
بلاروس,فصل 84,0.00%
بلاروس,فصل 87,0.00%
بلاروس,فصل 90,0.00%
بلژیک,فصل 07,0.00%
بلژیک,فصل 10,0.00%
بلژیک,فصل 12,0.00%
بلژیک,فصل 15,0.00%
بلژیک,فصل 18,0.00%
بلژیک,فصل 27,0.00%
بلژیک,فصل 28,0.00%
بلژیک,فصل 31,0.00%
بلژیک,فصل 32,0.00%
بلژیک,فصل 34,0.00%
بلژیک,فصل 37,0.00%
بلژیک,فصل 40,0.00%
بلژیک,فصل 48,0.00%
بلژیک,فصل 58,0.00%
بلژیک,فصل 60,0.00%
بلژیک,فصل 68,0.00%
بلژیک,فصل 69,0.00%
بلژیک,فصل 73,0.00%
بلژیک,فصل 74,0.00%
بلژیک,فصل 81,0.00%
بلژیک,فصل 82,0.00%
بلژیک,فصل 87,0.00%
بلژیک,فصل 96,0.00%
بلغارستان,فصل 28,0.00%
بلغارستان,فصل 32,0.00%
بلغارستان,فصل 34,0.00%
بلغارستان,فصل 40,0.00%
بلغارستان,فصل 44,0.00%
بلغارستان,فصل 48,0.00%
بلغارستان,فصل 56,0.00%
بلغارستان,فصل 69,0.00%
بلغارستان,فصل 70,0.00%
بلغارستان,فصل 73,0.00%
بلغارستان,فصل 74,0.00%
بلغارستان,فصل 85,0.00%
بلغارستان,فصل 86,0.00%
بلغارستان,فصل 98,0.00%
بنگلادش,فصل 52,0.00%
بنگلادش,فصل 85,0.00%
پاکستان,فصل 05,0.00%
پاکستان,فصل 07,0.00%
پاکستان,فصل 09,0.00%
پاکستان,فصل 25,0.00%
پاکستان,فصل 52,0.00%
پاکستان,فصل 53,0.00%
پاکستان,فصل 54,0.00%
پاکستان,فصل 59,0.00%
پاکستان,فصل 82,0.00%
پاکستان,فصل 84,0.00%
پاکستان,فصل 85,0.00%
پاکستان,فصل 96,0.00%
پرتغال,فصل 04,0.00%
پرتغال,فصل 27,0.00%
پرتغال,فصل 29,0.00%
پرتغال,فصل 30,0.00%
پرتغال,فصل 32,0.00%
پرتغال,فصل 33,0.00%
پرتغال,فصل 54,0.00%
پرتغال,فصل 70,0.00%
پرتغال,فصل 73,0.00%
پرتغال,فصل 82,0.00%
پرو,فصل 30,0.00%
پرو,فصل 32,0.00%
تاجیکستان,فصل 03,0.00%
تاجیکستان,فصل 15,0.00%
تاجیکستان,فصل 25,0.00%
تاجیکستان,فصل 50,0.00%
تاجیکستان,فصل 76,0.00%
تاجیکستان,فصل 84,0.00%
تانزانیا,فصل 24,0.00%
تانزانیا,فصل 72,0.00%
تانزانیا,فصل 84,0.00%
تایلند,فصل 09,0.00%
تایلند,فصل 10,0.00%
تایلند,فصل 11,0.00%
تایلند,فصل 12,0.00%
تایلند,فصل 15,0.00%
تایلند,فصل 28,0.00%
تایلند,فصل 31,0.00%
تایلند,فصل 39,0.00%
تایلند,فصل 48,0.00%
تایلند,فصل 54,0.00%
تایلند,فصل 69,0.00%
تایلند,فصل 70,0.00%
تایلند,فصل 72,0.00%
تایلند,فصل 96,0.00%
تایوان,فصل 10,0.00%
تایوان,فصل 28,0.00%
تایوان,فصل 30,0.00%
تایوان,فصل 34,0.00%
تایوان,فصل 37,0.00%
تایوان,فصل 40,0.00%
تایوان,فصل 49,0.00%
تایوان,فصل 55,0.00%
تایوان,فصل 59,0.00%
تایوان,فصل 60,0.00%
تایوان,فصل 68,0.00%
تایوان,فصل 70,0.00%
تایوان,فصل 74,0.00%
تایوان,فصل 76,0.00%
تایوان,فصل 81,0.00%
تایوان,فصل 83,0.00%
تایوان,فصل 91,0.00%
تایوان,فصل 95,0.00%
تایوان,فصل 96,0.00%
ترکمنستان,فصل 10,0.00%
ترکمنستان,فصل 38,0.00%
ترکمنستان,فصل 60,0.00%
ترکمنستان,فصل 85,0.00%
ترکمنستان,فصل 96,0.00%
ترکیه,فصل 03,0.00%
ترکیه,فصل 06,0.00%
ترکیه,فصل 14,0.00%
ترکیه,فصل 50,0.00%
ترکیه,فصل 62,0.00%
ترکیه,فصل 65,0.00%
ترکیه,فصل 89,0.00%
ترکیه,فصل 91,0.00%
ترکیه,فصل 92,0.00%
جزیره مالت,فصل 29,0.00%
جمهوری آذربایجان,فصل 23,0.00%
جمهوری آذربایجان,فصل 42,0.00%
جمهوری آذربایجان,فصل 57,0.00%
جمهوری آذربایجان,فصل 76,0.00%
جمهوری آذربایجان,فصل 90,0.00%
جمهوری چک,فصل 07,0.00%
جمهوری چک,فصل 25,0.00%
جمهوری چک,فصل 28,0.00%
جمهوری چک,فصل 29,0.00%
جمهوری چک,فصل 37,0.00%
جمهوری چک,فصل 48,0.00%
جمهوری چک,فصل 55,0.00%
جمهوری چک,فصل 68,0.00%
جمهوری چک,فصل 69,0.00%
جمهوری چک,فصل 70,0.00%
جمهوری چک,فصل 72,0.00%
جمهوری چک,فصل 86,0.00%
جمهوری چک,فصل 87,0.00%
جمهوری چک,فصل 94,0.00%
جمهوری مقدونیه(یوگسلاوی),فصل 27,0.00%
چین,فصل 03,0.00%
چین,فصل 05,0.00%
چین,فصل 07,0.00%
چین,فصل 10,0.00%
چین,فصل 11,0.00%
چین,فصل 18,0.00%
چین,فصل 20,0.00%
چین,فصل 24,0.00%
چین,فصل 41,0.00%
چین,فصل 47,0.00%
چین,فصل 50,0.00%
چین,فصل 51,0.00%
چین,فصل 53,0.00%
چین,فصل 78,0.00%
چین,فصل 79,0.00%
چین,فصل 89,0.00%
دانمارک,فصل 12,0.00%
دانمارک,فصل 13,0.00%
دانمارک,فصل 15,0.00%
دانمارک,فصل 19,0.00%
دانمارک,فصل 21,0.00%
دانمارک,فصل 27,0.00%
دانمارک,فصل 28,0.00%
دانمارک,فصل 33,0.00%
دانمارک,فصل 39,0.00%
دانمارک,فصل 48,0.00%
دانمارک,فصل 49,0.00%
دانمارک,فصل 68,0.00%
دانمارک,فصل 85,0.00%
دانمارک,فصل 87,0.00%
رواندا,فصل 44,0.00%
رومانی,فصل 02,0.00%
رومانی,فصل 34,0.00%
رومانی,فصل 39,0.00%
رومانی,فصل 86,0.00%
رومانی,فصل 90,0.00%
رومانی,فصل 96,0.00%
زامبیا,فصل 26,0.00%
زیمبابوه,فصل 84,0.00%
ژاپن,فصل 12,0.00%
ژاپن,فصل 13,0.00%
ژاپن,فصل 17,0.00%
ژاپن,فصل 25,0.00%
ژاپن,فصل 28,0.00%
ژاپن,فصل 29,0.00%
ژاپن,فصل 34,0.00%
ژاپن,فصل 39,0.00%
ژاپن,فصل 70,0.00%
ژاپن,فصل 73,0.00%
ژاپن,فصل 84,0.00%
ژاپن,فصل 96,0.00%
سایر کشورهای خارجی,فصل 90,0.00%
سری لانکا,فصل 19,0.00%
سری لانکا,فصل 21,0.00%
سری لانکا,فصل 39,0.00%
سری لانکا,فصل 72,0.00%
سری لانکا,فصل 76,0.00%
سری لانکا,فصل 84,0.00%
سنگاپور,فصل 03,0.00%
سنگاپور,فصل 12,0.00%
سنگاپور,فصل 23,0.00%
سنگاپور,فصل 26,0.00%
سنگاپور,فصل 30,0.00%
سنگاپور,فصل 37,0.00%
سنگاپور,فصل 38,0.00%
سنگاپور,فصل 47,0.00%
سنگاپور,فصل 48,0.00%
سنگاپور,فصل 72,0.00%
سنگاپور,فصل 74,0.00%
سنگاپور,فصل 90,0.00%
سنگال,فصل 32,0.00%
سوریه,فصل 07,0.00%
سوریه,فصل 12,0.00%
سوریه,فصل 85,0.00%
سوئد,فصل 10,0.00%
سوئد,فصل 15,0.00%
سوئد,فصل 21,0.00%
سوئد,فصل 23,0.00%
سوئد,فصل 29,0.00%
سوئد,فصل 31,0.00%
سوئد,فصل 34,0.00%
سوئد,فصل 35,0.00%
سوئد,فصل 38,0.00%
سوئد,فصل 39,0.00%
سوئد,فصل 40,0.00%
سوئد,فصل 48,0.00%
سوئد,فصل 72,0.00%
سوئد,فصل 74,0.00%
سویس,فصل 07,0.00%
سویس,فصل 15,0.00%
سویس,فصل 18,0.00%
سویس,فصل 21,0.00%
سویس,فصل 28,0.00%
سویس,فصل 32,0.00%
سویس,فصل 34,0.00%
سویس,فصل 37,0.00%
سویس,فصل 40,0.00%
سویس,فصل 44,0.00%
سویس,فصل 68,0.00%
سویس,فصل 70,0.00%
سویس,فصل 73,0.00%
سویس,فصل 76,0.00%
سویس,فصل 82,0.00%
سویس,فصل 83,0.00%
سویس,فصل 85,0.00%
سویس,فصل 94,0.00%
سویس,فصل 95,0.00%
سویس,فصل 96,0.00%
سیشل,فصل 28,0.00%
سیشل,فصل 29,0.00%
سیشل,فصل 38,0.00%
سیشل,فصل 39,0.00%
صربستان و مونته نگرو,فصل 10,0.00%
صربستان و مونته نگرو,فصل 21,0.00%
صربستان و مونته نگرو,فصل 35,0.00%
صربستان و مونته نگرو,فصل 40,0.00%
صربستان و مونته نگرو,فصل 52,0.00%
صربستان و مونته نگرو,فصل 73,0.00%
صربستان و مونته نگرو,فصل 84,0.00%
صربستان و مونته نگرو,فصل 86,0.00%
صربستان و مونته نگرو,فصل 90,0.00%
عراق,فصل 01,0.00%
عراق,فصل 10,0.00%
عراق,فصل 15,0.00%
عراق,فصل 26,0.00%
عراق,فصل 29,0.00%
عراق,فصل 32,0.00%
عراق,فصل 35,0.00%
عراق,فصل 38,0.00%
عراق,فصل 42,0.00%
عراق,فصل 44,0.00%
عراق,فصل 48,0.00%
عراق,فصل 49,0.00%
عراق,فصل 52,0.00%
عراق,فصل 54,0.00%
عراق,فصل 56,0.00%
عراق,فصل 59,0.00%
عراق,فصل 66,0.00%
عراق,فصل 67,0.00%
عراق,فصل 68,0.00%
عراق,فصل 72,0.00%
عراق,فصل 79,0.00%
عراق,فصل 92,0.00%
عراق,فصل 94,0.00%
عراق,فصل 95,0.00%
عربستان سعودی,فصل 87,0.00%
عمان,فصل 03,0.00%
عمان,فصل 07,0.00%
عمان,فصل 09,0.00%
عمان,فصل 13,0.00%
عمان,فصل 18,0.00%
عمان,فصل 30,0.00%
عمان,فصل 37,0.00%
عمان,فصل 54,0.00%
عمان,فصل 71,0.00%
عمان,فصل 76,0.00%
عمان,فصل 81,0.00%
عمان,فصل 86,0.00%
عمان,فصل 92,0.00%
فدراسیون روسیه,فصل 01,0.00%
فدراسیون روسیه,فصل 17,0.00%
فدراسیون روسیه,فصل 23,0.00%
فدراسیون روسیه,فصل 26,0.00%
فدراسیون روسیه,فصل 33,0.00%
فدراسیون روسیه,فصل 34,0.00%
فدراسیون روسیه,فصل 38,0.00%
فدراسیون روسیه,فصل 39,0.00%
فدراسیون روسیه,فصل 50,0.00%
فدراسیون روسیه,فصل 54,0.00%
فدراسیون روسیه,فصل 58,0.00%
فدراسیون روسیه,فصل 59,0.00%
فدراسیون روسیه,فصل 68,0.00%
فدراسیون روسیه,فصل 69,0.00%
فدراسیون روسیه,فصل 70,0.00%
فدراسیون روسیه,فصل 71,0.00%
فدراسیون روسیه,فصل 74,0.00%
فدراسیون روسیه,فصل 75,0.00%
فدراسیون روسیه,فصل 82,0.00%
فدراسیون روسیه,فصل 83,0.00%
فدراسیون روسیه,فصل 86,0.00%
فدراسیون روسیه,فصل 87,0.00%
فدراسیون روسیه,فصل 90,0.00%
فدراسیون روسیه,فصل 94,0.00%
فدراسیون روسیه,فصل 95,0.00%
فدراسیون روسیه,فصل 96,0.00%
فرانسه,فصل 01,0.00%
فرانسه,فصل 03,0.00%
فرانسه,فصل 05,0.00%
فرانسه,فصل 07,0.00%
فرانسه,فصل 17,0.00%
فرانسه,فصل 25,0.00%
فرانسه,فصل 27,0.00%
فرانسه,فصل 40,0.00%
فرانسه,فصل 51,0.00%
فرانسه,فصل 55,0.00%
فرانسه,فصل 56,0.00%
فرانسه,فصل 70,0.00%
فرانسه,فصل 72,0.00%
فرانسه,فصل 82,0.00%
فرانسه,فصل 83,0.00%
فرانسه,فصل 86,0.00%
فرانسه,فصل 87,0.00%
فنلاند,فصل 38,0.00%
فنلاند,فصل 39,0.00%
فنلاند,فصل 84,0.00%
فنلاند,فصل 85,0.00%
فنلاند,فصل 90,0.00%
فنلاند,فصل 95,0.00%
فیلیپین,فصل 15,0.00%
فیلیپین,فصل 91,0.00%
قبرس,فصل 29,0.00%
قبرس,فصل 30,0.00%
قبرس,فصل 32,0.00%
قبرس,فصل 39,0.00%
قبرس,فصل 84,0.00%
قبرس,فصل 90,0.00%
قرقیزستان,فصل 10,0.00%
قرقیزستان,فصل 31,0.00%
قرقیزستان,فصل 32,0.00%
قرقیزستان,فصل 82,0.00%
قرقیزستان,فصل 84,0.00%
قزاقستان,فصل 02,0.00%
قزاقستان,فصل 12,0.00%
قزاقستان,فصل 26,0.00%
قزاقستان,فصل 28,0.00%
قزاقستان,فصل 38,0.00%
قزاقستان,فصل 84,0.00%
قزاقستان,فصل 85,0.00%
قطر,فصل 12,0.00%
قطر,فصل 23,0.00%
قطر,فصل 25,0.00%
قطر,فصل 29,0.00%
قطر,فصل 38,0.00%
قطر,فصل 47,0.00%
قطر,فصل 56,0.00%
قطر,فصل 68,0.00%
قطر,فصل 73,0.00%
قطر,فصل 76,0.00%
قطر,فصل 82,0.00%
قطر,فصل 90,0.00%
کاستاریکا,فصل 08,0.00%
کانادا,فصل 05,0.00%
کانادا,فصل 15,0.00%
کانادا,فصل 27,0.00%
کانادا,فصل 28,0.00%
کانادا,فصل 30,0.00%
کانادا,فصل 33,0.00%
کانادا,فصل 35,0.00%
کانادا,فصل 39,0.00%
کانادا,فصل 44,0.00%
کانادا,فصل 48,0.00%
کانادا,فصل 73,0.00%
کانادا,فصل 76,0.00%
کانادا,فصل 83,0.00%
کانادا,فصل 86,0.00%
کانادا,فصل 90,0.00%
کانادا,فصل 94,0.00%
کره (جنوبی),فصل 12,0.00%
کره (جنوبی),فصل 21,0.00%
کره (جنوبی),فصل 25,0.00%
کره (جنوبی),فصل 37,0.00%
کره (جنوبی),فصل 54,0.00%
کره (جنوبی),فصل 56,0.00%
کره (جنوبی),فصل 58,0.00%
کره (جنوبی),فصل 59,0.00%
کره (جنوبی),فصل 68,0.00%
کره (جنوبی),فصل 69,0.00%
کره (جنوبی),فصل 70,0.00%
کره (جنوبی),فصل 76,0.00%
کره (جنوبی),فصل 80,0.00%
کره (جنوبی),فصل 83,0.00%
کره (جنوبی),فصل 86,0.00%
کره (جنوبی),فصل 95,0.00%
کرواسی (Hrvatska),فصل 30,0.00%
کرواسی (Hrvatska),فصل 32,0.00%
کرواسی (Hrvatska),فصل 39,0.00%
کرواسی (Hrvatska),فصل 84,0.00%
کلمبیا,فصل 02,0.00%
کلمبیا,فصل 08,0.00%
کلمبیا,فصل 09,0.00%
کنیا,فصل 02,0.00%
کنیا,فصل 03,0.00%
کنیا,فصل 73,0.00%
کویت,فصل 13,0.00%
کویت,فصل 28,0.00%
کویت,فصل 33,0.00%
کویت,فصل 35,0.00%
کویت,فصل 39,0.00%
کویت,فصل 48,0.00%
کویت,فصل 71,0.00%
کویت,فصل 73,0.00%
کویت,فصل 82,0.00%
کویت,فصل 84,0.00%
کویت,فصل 85,0.00%
کویت,فصل 90,0.00%
گرجستان,فصل 08,0.00%
گرجستان,فصل 09,0.00%
گرجستان,فصل 21,0.00%
گرجستان,فصل 26,0.00%
گرجستان,فصل 27,0.00%
گرجستان,فصل 34,0.00%
گرجستان,فصل 38,0.00%
گرجستان,فصل 40,0.00%
گرجستان,فصل 55,0.00%
گرجستان,فصل 73,0.00%
لبنان,فصل 31,0.00%
لبنان,فصل 32,0.00%
لبنان,فصل 38,0.00%
لبنان,فصل 49,0.00%
لبنان,فصل 84,0.00%
لبنان,فصل 90,0.00%
لتونی,فصل 27,0.00%
لهستان,فصل 03,0.00%
لهستان,فصل 23,0.00%
لهستان,فصل 30,0.00%
لهستان,فصل 31,0.00%
لهستان,فصل 33,0.00%
لهستان,فصل 38,0.00%
لهستان,فصل 39,0.00%
لهستان,فصل 59,0.00%
لهستان,فصل 68,0.00%
لهستان,فصل 70,0.00%
لهستان,فصل 75,0.00%
لهستان,فصل 76,0.00%
لهستان,فصل 82,0.00%
لهستان,فصل 87,0.00%
لهستان,فصل 96,0.00%
لوکزامبورگ,فصل 11,0.00%
لوکزامبورگ,فصل 13,0.00%
لوکزامبورگ,فصل 15,0.00%
لوکزامبورگ,فصل 23,0.00%
لوکزامبورگ,فصل 28,0.00%
لوکزامبورگ,فصل 33,0.00%
لوکزامبورگ,فصل 39,0.00%
لوکزامبورگ,فصل 40,0.00%
لوکزامبورگ,فصل 44,0.00%
لوکزامبورگ,فصل 81,0.00%
لیتوانی,فصل 21,0.00%
لیتوانی,فصل 30,0.00%
لیتوانی,فصل 32,0.00%
لیتوانی,فصل 44,0.00%
لیتوانی,فصل 68,0.00%
لیتوانی,فصل 84,0.00%
لیتوانی,فصل 85,0.00%
لیتوانی,فصل 87,0.00%
لیختن اشتاین,فصل 32,0.00%
لیختن اشتاین,فصل 34,0.00%
لیختن اشتاین,فصل 73,0.00%
لیختن اشتاین,فصل 82,0.00%
لیختن اشتاین,فصل 84,0.00%
ماداگاسکار,فصل 07,0.00%
مالزی,فصل 03,0.00%
مالزی,فصل 18,0.00%
مالزی,فصل 21,0.00%
مالزی,فصل 23,0.00%
مالزی,فصل 25,0.00%
مالزی,فصل 26,0.00%
مالزی,فصل 27,0.00%
مالزی,فصل 31,0.00%
مالزی,فصل 33,0.00%
مالزی,فصل 35,0.00%
مالزی,فصل 44,0.00%
مالزی,فصل 55,0.00%
مالزی,فصل 72,0.00%
مالزی,فصل 75,0.00%
مالزی,فصل 80,0.00%
مالزی,فصل 82,0.00%
مجارستان,فصل 07,0.00%
مجارستان,فصل 28,0.00%
مجارستان,فصل 29,0.00%
مجارستان,فصل 30,0.00%
مجارستان,فصل 33,0.00%
مجارستان,فصل 35,0.00%
مجارستان,فصل 38,0.00%
مجارستان,فصل 87,0.00%
مجارستان,فصل 98,0.00%
مصر,فصل 26,0.00%
مصر,فصل 28,0.00%
مصر,فصل 30,0.00%
مصر,فصل 82,0.00%
مصر,فصل 90,0.00%
مکزیک,فصل 29,0.00%
مکزیک,فصل 39,0.00%
مناطق آزاد,فصل 10,0.00%
مناطق آزاد,فصل 21,0.00%
مناطق آزاد,فصل 22,0.00%
مناطق آزاد,فصل 23,0.00%
مناطق آزاد,فصل 28,0.00%
مناطق آزاد,فصل 29,0.00%
مناطق آزاد,فصل 32,0.00%
مناطق آزاد,فصل 34,0.00%
مناطق آزاد,فصل 40,0.00%
مناطق آزاد,فصل 48,0.00%
مناطق آزاد,فصل 54,0.00%
مناطق آزاد,فصل 59,0.00%
مناطق آزاد,فصل 60,0.00%
مناطق آزاد,فصل 62,0.00%
مناطق آزاد,فصل 63,0.00%
مناطق آزاد,فصل 68,0.00%
مناطق آزاد,فصل 70,0.00%
مناطق آزاد,فصل 72,0.00%
مناطق آزاد,فصل 73,0.00%
مناطق آزاد,فصل 82,0.00%
مناطق آزاد,فصل 87,0.00%
مناطق آزاد,فصل 94,0.00%
مناطق آزاد,فصل 95,0.00%
مناطق ویژه,فصل 08,0.00%
مناطق ویژه,فصل 10,0.00%
مناطق ویژه,فصل 25,0.00%
مناطق ویژه,فصل 27,0.00%
مناطق ویژه,فصل 33,0.00%
مناطق ویژه,فصل 39,0.00%
مناطق ویژه,فصل 40,0.00%
مناطق ویژه,فصل 48,0.00%
مناطق ویژه,فصل 56,0.00%
مناطق ویژه,فصل 70,0.00%
مناطق ویژه,فصل 73,0.00%
مناطق ویژه,فصل 76,0.00%
مناطق ویژه,فصل 79,0.00%
مناطق ویژه,فصل 82,0.00%
مناطق ویژه,فصل 83,0.00%
مناطق ویژه,فصل 85,0.00%
مناطق ویژه,فصل 87,0.00%
مناطق ویژه,فصل 90,0.00%
مناطق ویژه,فصل 96,0.00%
مواناکو,فصل 15,0.00%
مواناکو,فصل 28,0.00%
مواناکو,فصل 29,0.00%
موریس,فصل 09,0.00%
موریس,فصل 90,0.00%
موزامبیک,فصل 24,0.00%
نروژ,فصل 31,0.00%
نروژ,فصل 38,0.00%
نروژ,فصل 39,0.00%
نروژ,فصل 48,0.00%
نروژ,فصل 85,0.00%
نروژ,فصل 87,0.00%
نروژ,فصل 90,0.00%
نیوزیلند (Aotearoa),فصل 51,0.00%
نیوزیلند (Aotearoa),فصل 75,0.00%
نیوزیلند (Aotearoa),فصل 84,0.00%
هلند,فصل 01,0.00%
هلند,فصل 09,0.00%
هلند,فصل 10,0.00%
هلند,فصل 13,0.00%
هلند,فصل 18,0.00%
هلند,فصل 28,0.00%
هلند,فصل 31,0.00%
هلند,فصل 49,0.00%
هلند,فصل 52,0.00%
هلند,فصل 56,0.00%
هلند,فصل 59,0.00%
هلند,فصل 71,0.00%
هلند,فصل 74,0.00%
هلند,فصل 75,0.00%
هلند,فصل 86,0.00%
هند,فصل 03,0.00%
هند,فصل 06,0.00%
هند,فصل 11,0.00%
هند,فصل 26,0.00%
هند,فصل 31,0.00%
هند,فصل 41,0.00%
هند,فصل 53,0.00%
هند,فصل 56,0.00%
هند,فصل 59,0.00%
هند,فصل 69,0.00%
هند,فصل 70,0.00%
هند,فصل 75,0.00%
هند,فصل 79,0.00%
هند,فصل 83,0.00%
هند,فصل 86,0.00%
هند,فصل 94,0.00%
هنگ کنگ,فصل 12,0.00%
هنگ کنگ,فصل 13,0.00%
هنگ کنگ,فصل 14,0.00%
هنگ کنگ,فصل 21,0.00%
هنگ کنگ,فصل 23,0.00%
هنگ کنگ,فصل 25,0.00%
هنگ کنگ,فصل 30,0.00%
هنگ کنگ,فصل 31,0.00%
هنگ کنگ,فصل 35,0.00%
هنگ کنگ,فصل 37,0.00%
هنگ کنگ,فصل 55,0.00%
هنگ کنگ,فصل 70,0.00%
هنگ کنگ,فصل 74,0.00%
هنگ کنگ,فصل 75,0.00%
هنگ کنگ,فصل 76,0.00%
هنگ کنگ,فصل 79,0.00%
هنگ کنگ,فصل 80,0.00%
هنگ کنگ,فصل 86,0.00%
هنگ کنگ,فصل 91,0.00%
هنگ کنگ,فصل 95,0.00%
هنگ کنگ,فصل 96,0.00%
ونزوئلا,فصل 07,0.00%
ونزوئلا,فصل 84,0.00%
ونزوئلا,فصل 86,0.00%
ویتنام,فصل 12,0.00%
ویتنام,فصل 15,0.00%
ویتنام,فصل 19,0.00%
ویتنام,فصل 20,0.00%
ویتنام,فصل 21,0.00%
ویتنام,فصل 23,0.00%
ویتنام,فصل 25,0.00%
ویتنام,فصل 35,0.00%
ویتنام,فصل 39,0.00%
ویتنام,فصل 44,0.00%
ویتنام,فصل 70,0.00%
ویتنام,فصل 82,0.00%
ویتنام,فصل 90,0.00%
ویتنام,فصل 95,0.00%
یونان,فصل 10,0.00%
یونان,فصل 20,0.00%
یونان,فصل 32,0.00%
یونان,فصل 38,0.00%
یونان,فصل 48,0.00%
یونان,فصل 68,0.00%
یونان,فصل 87,0.00%
ایتالیا,فصل 87,0.00%
چین,فصل 80,0.00%
